Entity,Code,Year,"DALYs (Disability-Adjusted Life Years) - Ambient particulate matter pollution - Sex: Both - Age: Age-standardized (Rate) (DALYs per 100,000 individuals)"
Afghanistan,AFG,1990,6526.79032622
Afghanistan,AFG,1995,6542.126784450001
Afghanistan,AFG,2000,6521.03159704
Afghanistan,AFG,2005,5928.48696569
Afghanistan,AFG,2006,5822.02114907
Afghanistan,AFG,2010,5077.77858063
Afghanistan,AFG,2016,5243.633134979999
Albania,ALB,1990,1354.58452927
Albania,ALB,1995,1157.9049592899999
Albania,ALB,2000,1008.74945748
Albania,ALB,2005,871.110701667
Albania,ALB,2006,872.157876907
Albania,ALB,2010,867.377374569
Albania,ALB,2016,734.560085934
Algeria,DZA,1990,1655.7819945899998
Algeria,DZA,1995,1448.06839984
Algeria,DZA,2000,1276.39090042
Algeria,DZA,2005,1031.69440404
Algeria,DZA,2006,993.7368321370001
Algeria,DZA,2010,868.8005427720001
Algeria,DZA,2016,918.065995543
American Samoa,ASM,1990,268.742094373
American Samoa,ASM,1995,253.165415987
American Samoa,ASM,2000,240.700778007
American Samoa,ASM,2005,216.98631034299999
American Samoa,ASM,2006,142.29302579400002
American Samoa,ASM,2010,87.454608197
American Samoa,ASM,2016,131.316065738
Andean Latin America,,1990,1764.1711300000002
Andean Latin America,,1995,1509.9929906
Andean Latin America,,2000,1193.44021802
Andean Latin America,,2005,1089.67601539
Andean Latin America,,2006,1013.5620014599999
Andean Latin America,,2010,800.061160519
Andean Latin America,,2016,610.507518734
Andorra,AND,1990,423.10688075
Andorra,AND,1995,370.440347247
Andorra,AND,2000,294.02898737600003
Andorra,AND,2005,269.237966834
Andorra,AND,2006,264.62393585999996
Andorra,AND,2010,255.43745125700002
Andorra,AND,2016,255.835960703
Angola,AGO,1990,3038.4158196099997
Angola,AGO,1995,2886.98989409
Angola,AGO,2000,2832.7670255099997
Angola,AGO,2005,2526.10445777
Angola,AGO,2006,2430.09245674
Angola,AGO,2010,2052.90333143
Angola,AGO,2016,1714.2017611899998
Antigua and Barbuda,ATG,1990,872.6768483230001
Antigua and Barbuda,ATG,1995,783.6020582530001
Antigua and Barbuda,ATG,2000,653.908091897
Antigua and Barbuda,ATG,2005,564.578607134
Antigua and Barbuda,ATG,2006,540.98225344
Antigua and Barbuda,ATG,2010,456.40668682300003
Antigua and Barbuda,ATG,2016,475.525924198
Argentina,ARG,1990,1019.27320355
Argentina,ARG,1995,911.6861982309999
Argentina,ARG,2000,813.998286358
Argentina,ARG,2005,720.589033213
Argentina,ARG,2006,706.70082064
Argentina,ARG,2010,658.333283339
Argentina,ARG,2016,589.894434333
Armenia,ARM,1990,1718.92709676
Armenia,ARM,1995,1686.53691318
Armenia,ARM,2000,1422.2655342
Armenia,ARM,2005,1429.80311905
Armenia,ARM,2006,1455.4439673699999
Armenia,ARM,2010,1424.29544683
Armenia,ARM,2016,1128.88935474
Australasia,,1990,386.035457942
Australasia,,1995,315.23183944299996
Australasia,,2000,250.660347599
Australasia,,2005,191.56793692399998
Australasia,,2006,178.834541785
Australasia,,2010,135.817151037
Australasia,,2016,130.37545572
Australia,AUS,1990,380.97503672199997
Australia,AUS,1995,310.84030554599997
Australia,AUS,2000,248.54023018899997
Australia,AUS,2005,189.522763814
Australia,AUS,2006,177.022500036
Australia,AUS,2010,135.582212885
Australia,AUS,2016,130.344616407
Austria,AUT,1990,778.9833131539999
Austria,AUT,1995,664.560966234
Austria,AUT,2000,542.273983178
Austria,AUT,2005,423.14079917400005
Austria,AUT,2006,407.147347056
Austria,AUT,2010,368.270118463
Austria,AUT,2016,319.727427699
Azerbaijan,AZE,1990,3293.13965426
Azerbaijan,AZE,1995,3281.83756233
Azerbaijan,AZE,2000,2899.81770138
Azerbaijan,AZE,2005,2433.1480612100004
Azerbaijan,AZE,2006,2412.78160148
Azerbaijan,AZE,2010,2379.4937817200002
Azerbaijan,AZE,2016,2034.83461567
Bahamas,BHS,1990,1031.43418098
Bahamas,BHS,1995,931.973633899
Bahamas,BHS,2000,779.021541951
Bahamas,BHS,2005,683.139980629
Bahamas,BHS,2006,620.591821815
Bahamas,BHS,2010,514.04197477
Bahamas,BHS,2016,551.333139978
Bahrain,BHR,1990,2799.71016851
Bahrain,BHR,1995,2439.54454557
Bahrain,BHR,2000,2027.33982359
Bahrain,BHR,2005,1525.05371374
Bahrain,BHR,2006,1475.3030422099998
Bahrain,BHR,2010,1225.05550798
Bahrain,BHR,2016,1153.80852955
Bangladesh,BGD,1990,4212.20091654
Bangladesh,BGD,1995,3711.98557984
Bangladesh,BGD,2000,3256.24636706
Bangladesh,BGD,2005,3189.75954685
Bangladesh,BGD,2006,3134.6964486
Bangladesh,BGD,2010,2847.34127262
Bangladesh,BGD,2016,2650.87521294
Barbados,BRB,1990,813.020007995
Barbados,BRB,1995,762.137098239
Barbados,BRB,2000,621.351954476
Barbados,BRB,2005,508.589499187
Barbados,BRB,2006,493.587413163
Barbados,BRB,2010,421.231959095
Barbados,BRB,2016,486.70569902
Belarus,BLR,1990,1993.85553119
Belarus,BLR,1995,2168.52901486
Belarus,BLR,2000,2029.66940457
Belarus,BLR,2005,1953.9644151599998
Belarus,BLR,2006,1884.44395323
Belarus,BLR,2010,1768.8075062599999
Belarus,BLR,2016,1319.91896318
Belgium,BEL,1990,839.467962107
Belgium,BEL,1995,702.295722353
Belgium,BEL,2000,612.64695279
Belgium,BEL,2005,504.393847513
Belgium,BEL,2006,484.831292122
Belgium,BEL,2010,440.91582356699996
Belgium,BEL,2016,387.058115565
Belize,BLZ,1990,1325.38121327
Belize,BLZ,1995,1434.66262326
Belize,BLZ,2000,1498.2076433500001
Belize,BLZ,2005,1205.77939968
Belize,BLZ,2006,1130.77554105
Belize,BLZ,2010,929.654901201
Belize,BLZ,2016,879.122959141
Benin,BEN,1990,3967.71770908
Benin,BEN,1995,3696.2118922100003
Benin,BEN,2000,3320.2822058
Benin,BEN,2005,2535.64504574
Benin,BEN,2006,2453.69618957
Benin,BEN,2010,2262.03653412
Benin,BEN,2016,2812.14714047
Bermuda,BMU,1990,1265.12927993
Bermuda,BMU,1995,1020.41713812
Bermuda,BMU,2000,790.011412768
Bermuda,BMU,2005,588.64450024
Bermuda,BMU,2006,553.562945324
Bermuda,BMU,2010,401.027884193
Bermuda,BMU,2016,352.60012539400003
Bhutan,BTN,1990,3453.42442173
Bhutan,BTN,1995,3005.76126128
Bhutan,BTN,2000,2610.81727443
Bhutan,BTN,2005,2405.43544444
Bhutan,BTN,2006,2308.22079732
Bhutan,BTN,2010,2013.09793731
Bhutan,BTN,2016,1786.6844697
Bolivia,BOL,1990,2902.1389975700004
Bolivia,BOL,1995,2403.02129495
Bolivia,BOL,2000,1929.43200301
Bolivia,BOL,2005,1836.6977346800002
Bolivia,BOL,2006,1716.7974899099997
Bolivia,BOL,2010,1341.65867611
Bolivia,BOL,2016,979.011989686
Bosnia and Herzegovina,BIH,1990,2046.82883599
Bosnia and Herzegovina,BIH,1995,1847.78869782
Bosnia and Herzegovina,BIH,2000,1479.12910395
Bosnia and Herzegovina,BIH,2005,1277.23410046
Bosnia and Herzegovina,BIH,2006,1254.6558750699999
Bosnia and Herzegovina,BIH,2010,1162.0307711399998
Bosnia and Herzegovina,BIH,2016,1074.0872545900002
Botswana,BWA,1990,1580.7833343999998
Botswana,BWA,1995,1633.99808262
Botswana,BWA,2000,2038.03095696
Botswana,BWA,2005,1795.0355618499998
Botswana,BWA,2006,1670.8825591900002
Botswana,BWA,2010,1296.57109594
Botswana,BWA,2016,1257.80340525
Brazil,BRA,1990,1269.1296528
Brazil,BRA,1995,1155.61238155
Brazil,BRA,2000,1001.61897509
Brazil,BRA,2005,769.352611226
Brazil,BRA,2006,724.6482202740001
Brazil,BRA,2010,574.073161622
Brazil,BRA,2016,554.02692434
Brunei,BRN,1990,425.352677779
Brunei,BRN,1995,393.031453983
Brunei,BRN,2000,305.11605140800003
Brunei,BRN,2005,393.86818635800006
Brunei,BRN,2006,378.981752937
Brunei,BRN,2010,308.939818072
Brunei,BRN,2016,312.87936974
Bulgaria,BGR,1990,2442.9820033
Bulgaria,BGR,1995,2257.78018992
Bulgaria,BGR,2000,1914.43925603
Bulgaria,BGR,2005,1608.54521576
Bulgaria,BGR,2006,1605.60421058
Bulgaria,BGR,2010,1514.8503141
Bulgaria,BGR,2016,1306.3929227899998
Burkina Faso,BFA,1990,4332.20376165
Burkina Faso,BFA,1995,3927.55141255
Burkina Faso,BFA,2000,3652.4923333899997
Burkina Faso,BFA,2005,3051.5546759599997
Burkina Faso,BFA,2006,2976.26136831
Burkina Faso,BFA,2010,2807.51233803
Burkina Faso,BFA,2016,3215.80792891
Burundi,BDI,1990,4257.50182043
Burundi,BDI,1995,4053.1306630100003
Burundi,BDI,2000,3477.487228
Burundi,BDI,2005,2781.1598524
Burundi,BDI,2006,2645.90789219
Burundi,BDI,2010,2289.49452168
Burundi,BDI,2016,2326.72729349
Cambodia,KHM,1990,3178.20109468
Cambodia,KHM,1995,3154.6453155
Cambodia,KHM,2000,2943.66354824
Cambodia,KHM,2005,2659.02680004
Cambodia,KHM,2006,2483.77242295
Cambodia,KHM,2010,1985.67392989
Cambodia,KHM,2016,1726.3393157500002
Cameroon,CMR,1990,3693.38808337
Cameroon,CMR,1995,3816.58350579
Cameroon,CMR,2000,3987.9454168599996
Cameroon,CMR,2005,3498.68001439
Cameroon,CMR,2006,3442.92531116
Cameroon,CMR,2010,3235.8635873000003
Cameroon,CMR,2016,3566.29301335
Canada,CAN,1990,419.558141213
Canada,CAN,1995,361.982918532
Canada,CAN,2000,304.1604743
Canada,CAN,2005,266.39283413100003
Canada,CAN,2006,251.817084997
Canada,CAN,2010,203.74289380200003
Canada,CAN,2016,198.109004927
Cape Verde,CPV,1990,2020.2452076
Cape Verde,CPV,1995,2085.26944047
Cape Verde,CPV,2000,1863.4322246699999
Cape Verde,CPV,2005,1402.90301005
Cape Verde,CPV,2006,1391.39229976
Cape Verde,CPV,2010,1298.2275925499998
Cape Verde,CPV,2016,1521.2031289699999
Caribbean,,1990,1550.48638164
Caribbean,,1995,1424.2117225
Caribbean,,2000,1275.50447025
Caribbean,,2005,1105.33162633
Caribbean,,2006,1063.4450431
Caribbean,,2010,901.242609531
Caribbean,,2016,850.2664894000001
Central African Republic,CAF,1990,4331.15440677
Central African Republic,CAF,1995,4347.4519067599995
Central African Republic,CAF,2000,4372.97943071
Central African Republic,CAF,2005,4118.97681771
Central African Republic,CAF,2006,4186.16015893
Central African Republic,CAF,2010,3900.8846952599997
Central African Republic,CAF,2016,4111.300635279999
Central Asia,,1990,2949.12458904
Central Asia,,1995,3142.6216770099995
Central Asia,,2000,2913.86736464
Central Asia,,2005,2525.97480752
Central Asia,,2006,2479.01597372
Central Asia,,2010,2231.57879578
Central Asia,,2016,1989.96304716
Central Europe,,1990,2096.6525211900002
Central Europe,,1995,1768.2065187800001
Central Europe,,2000,1396.3806391399999
Central Europe,,2005,1156.03242948
Central Europe,,2006,1135.64217652
Central Europe,,2010,1050.99065986
Central Europe,,2016,875.343217626
Central Latin America,,1990,1117.55650713
Central Latin America,,1995,1045.39349383
Central Latin America,,2000,931.6275381989999
Central Latin America,,2005,813.645434915
Central Latin America,,2006,777.968071635
Central Latin America,,2010,656.8671206810001
Central Latin America,,2016,594.120238597
Central Sub-Saharan Africa,,1990,3067.12606417
Central Sub-Saharan Africa,,1995,2996.59700045
Central Sub-Saharan Africa,,2000,2930.0352294599998
Central Sub-Saharan Africa,,2005,2555.4851459
Central Sub-Saharan Africa,,2006,2499.01448287
Central Sub-Saharan Africa,,2010,2252.25200606
Central Sub-Saharan Africa,,2016,2206.9533288000002
Chad,TCD,1990,3731.93041831
Chad,TCD,1995,3726.00980078
Chad,TCD,2000,3905.18338406
Chad,TCD,2005,3505.50538465
Chad,TCD,2006,3463.02069494
Chad,TCD,2010,3334.0142076099996
Chad,TCD,2016,3465.77626737
Chile,CHL,1990,980.7479211939999
Chile,CHL,1995,793.30128322
Chile,CHL,2000,598.9593231299999
Chile,CHL,2005,513.911510669
Chile,CHL,2006,492.868637218
Chile,CHL,2010,449.37115376900005
Chile,CHL,2016,408.00694139100005
China,CHN,1990,3095.96296172
China,CHN,1995,2856.7937823899997
China,CHN,2000,2513.40978573
China,CHN,2005,2150.13843706
China,CHN,2006,2032.83099487
China,CHN,2010,1795.1427173400002
China,CHN,2016,1469.16764845
Colombia,COL,1990,1038.88799199
Colombia,COL,1995,960.8670551690001
Colombia,COL,2000,828.56623486
Colombia,COL,2005,740.1153012660001
Colombia,COL,2006,717.04278952
Colombia,COL,2010,562.800970044
Colombia,COL,2016,472.04498797400004
Comoros,COM,1990,2270.5466601999997
Comoros,COM,1995,2083.77462504
Comoros,COM,2000,1808.0833532000001
Comoros,COM,2005,1505.1852344400002
Comoros,COM,2006,1464.6604216
Comoros,COM,2010,1239.98299935
Comoros,COM,2016,1184.16655434
Congo,COG,1990,3582.87002893
Congo,COG,1995,3578.87028882
Congo,COG,2000,3464.8460434000003
Congo,COG,2005,2774.37221624
Congo,COG,2006,2669.61720641
Congo,COG,2010,2253.97174953
Congo,COG,2016,2056.48885605
Costa Rica,CRI,1990,692.452635335
Costa Rica,CRI,1995,635.513141925
Costa Rica,CRI,2000,559.720546111
Costa Rica,CRI,2005,442.986980011
Costa Rica,CRI,2006,410.078014914
Costa Rica,CRI,2010,323.296439406
Costa Rica,CRI,2016,346.50701089
Cote d'Ivoire,CIV,1990,2842.1118875800003
Cote d'Ivoire,CIV,1995,2988.4213175
Cote d'Ivoire,CIV,2000,2880.6474842899997
Cote d'Ivoire,CIV,2005,2463.33476052
Cote d'Ivoire,CIV,2006,2458.1663365
Cote d'Ivoire,CIV,2010,2307.05395197
Cote d'Ivoire,CIV,2016,3019.2181840400003
Croatia,HRV,1990,1382.15214162
Croatia,HRV,1995,1211.76808489
Croatia,HRV,2000,1038.83438815
Croatia,HRV,2005,900.330516998
Croatia,HRV,2006,877.798743227
Croatia,HRV,2010,778.858183885
Croatia,HRV,2016,730.0432457119999
Cuba,CUB,1990,1088.365845
Cuba,CUB,1995,1040.85662375
Cuba,CUB,2000,928.058635607
Cuba,CUB,2005,795.1861564970001
Cuba,CUB,2006,750.12319316
Cuba,CUB,2010,605.1603608959999
Cuba,CUB,2016,584.823616317
Cyprus,CYP,1990,812.9104238010001
Cyprus,CYP,1995,722.221969012
Cyprus,CYP,2000,634.717406768
Cyprus,CYP,2005,524.2230890430001
Cyprus,CYP,2006,496.21657619200005
Cyprus,CYP,2010,437.51458805600004
Cyprus,CYP,2016,431.752822873
Czech Republic,CZE,1990,1976.64451695
Czech Republic,CZE,1995,1450.50342154
Czech Republic,CZE,2000,1063.41605449
Czech Republic,CZE,2005,869.004655263
Czech Republic,CZE,2006,839.29917914
Czech Republic,CZE,2010,758.997019067
Czech Republic,CZE,2016,605.6185112300001
Democratic Republic of Congo,COD,1990,2915.4006408200003
Democratic Republic of Congo,COD,1995,2878.7928245499998
Democratic Republic of Congo,COD,2000,2818.55707014
Democratic Republic of Congo,COD,2005,2449.8277906099997
Democratic Republic of Congo,COD,2006,2402.4032052800003
Democratic Republic of Congo,COD,2010,2216.5725775
Democratic Republic of Congo,COD,2016,2261.91567249
Denmark,DNK,1990,780.293049297
Denmark,DNK,1995,676.466337005
Denmark,DNK,2000,521.270040149
Denmark,DNK,2005,411.194528977
Denmark,DNK,2006,395.51664442400005
Denmark,DNK,2010,335.42277087900004
Denmark,DNK,2016,278.96299106799995
Djibouti,DJI,1990,2872.31502387
Djibouti,DJI,1995,2768.4516399199997
Djibouti,DJI,2000,2606.69752301
Djibouti,DJI,2005,2212.71103813
Djibouti,DJI,2006,2185.3990554700003
Djibouti,DJI,2010,2057.995264
Djibouti,DJI,2016,2052.50117735
Dominica,DMA,1990,850.252639066
Dominica,DMA,1995,843.357767768
Dominica,DMA,2000,657.168136974
Dominica,DMA,2005,597.855509941
Dominica,DMA,2006,581.657369552
Dominica,DMA,2010,530.09276104
Dominica,DMA,2016,590.442332421
Dominican Republic,DOM,1990,1083.5721935899999
Dominican Republic,DOM,1995,956.7596925930001
Dominican Republic,DOM,2000,965.280926206
Dominican Republic,DOM,2005,804.945148448
Dominican Republic,DOM,2006,803.652796175
Dominican Republic,DOM,2010,771.058986138
Dominican Republic,DOM,2016,753.769922743
East Asia,,1990,3032.80570317
East Asia,,1995,2795.17360249
East Asia,,2000,2466.70149138
East Asia,,2005,2121.65051713
East Asia,,2006,2008.28406251
East Asia,,2010,1777.5099139600002
East Asia,,2016,1463.38338631
Eastern Europe,,1990,1781.20068652
Eastern Europe,,1995,2157.8362845
Eastern Europe,,2000,1933.0980846799998
Eastern Europe,,2005,1909.87789737
Eastern Europe,,2006,1775.26274615
Eastern Europe,,2010,1528.0055432899999
Eastern Europe,,2016,1267.23572263
Eastern Sub-Saharan Africa,,1990,2954.64143239
Eastern Sub-Saharan Africa,,1995,2801.75572456
Eastern Sub-Saharan Africa,,2000,2518.39833814
Eastern Sub-Saharan Africa,,2005,2079.89972179
Eastern Sub-Saharan Africa,,2006,2030.90688187
Eastern Sub-Saharan Africa,,2010,1805.9996900699998
Eastern Sub-Saharan Africa,,2016,1723.67069391
Ecuador,ECU,1990,942.66057144
Ecuador,ECU,1995,851.9108777060001
Ecuador,ECU,2000,742.7888996410001
Ecuador,ECU,2005,676.715912146
Ecuador,ECU,2006,629.648010955
Ecuador,ECU,2010,472.94749082600003
Ecuador,ECU,2016,381.833357654
Egypt,EGY,1990,4207.01067652
Egypt,EGY,1995,3510.7656233000002
Egypt,EGY,2000,3002.31428514
Egypt,EGY,2005,2946.95674642
Egypt,EGY,2006,2960.13144895
Egypt,EGY,2010,2986.06094181
Egypt,EGY,2016,2823.7488813299997
El Salvador,SLV,1990,1550.18564592
El Salvador,SLV,1995,1382.09889869
El Salvador,SLV,2000,1187.46832639
El Salvador,SLV,2005,994.788512447
El Salvador,SLV,2006,953.686279522
El Salvador,SLV,2010,812.488077326
El Salvador,SLV,2016,750.090648863
England,,1990,901.3171481029999
England,,1995,754.938522028
England,,2000,598.515127504
England,,2005,463.422955621
England,,2006,440.35762761899997
England,,2010,371.45883660699997
England,,2016,332.33099357000003
Equatorial Guinea,GNQ,1990,4373.11242563
Equatorial Guinea,GNQ,1995,4161.85576268
Equatorial Guinea,GNQ,2000,2940.44239203
Equatorial Guinea,GNQ,2005,1720.53564237
Equatorial Guinea,GNQ,2006,1741.64284279
Equatorial Guinea,GNQ,2010,1549.98318284
Equatorial Guinea,GNQ,2016,1447.5069379499998
Eritrea,ERI,1990,3718.57189341
Eritrea,ERI,1995,3055.2571802400003
Eritrea,ERI,2000,2636.17497419
Eritrea,ERI,2005,2330.17698277
Eritrea,ERI,2006,2313.13171088
Eritrea,ERI,2010,2250.66396556
Eritrea,ERI,2016,2166.5557053099997
Estonia,EST,1990,1205.14538642
Estonia,EST,1995,1197.49857221
Estonia,EST,2000,830.4688502449999
Estonia,EST,2005,647.1214209139999
Estonia,EST,2006,625.607551034
Estonia,EST,2010,446.19244807100006
Estonia,EST,2016,259.67749647799997
Ethiopia,ETH,1990,3704.41622507
Ethiopia,ETH,1995,3423.9394170799997
Ethiopia,ETH,2000,3022.01654761
Ethiopia,ETH,2005,2412.88929499
Ethiopia,ETH,2006,2355.97937962
Ethiopia,ETH,2010,2068.29597883
Ethiopia,ETH,2016,1939.95120987
Fiji,FJI,1990,1058.97981909
Fiji,FJI,1995,1092.75149273
Fiji,FJI,2000,1088.81770714
Fiji,FJI,2005,1002.17403261
Fiji,FJI,2006,949.0068967850001
Fiji,FJI,2010,716.070112166
Fiji,FJI,2016,762.374570054
Finland,FIN,1990,622.213483107
Finland,FIN,1995,465.620815327
Finland,FIN,2000,362.294662829
Finland,FIN,2005,284.79865053099996
Finland,FIN,2006,276.36726103399997
Finland,FIN,2010,242.847386708
Finland,FIN,2016,163.571410326
France,FRA,1990,439.678126477
France,FRA,1995,382.20810672799996
France,FRA,2000,331.010249831
France,FRA,2005,280.17240494
France,FRA,2006,271.814567152
France,FRA,2010,247.128244161
France,FRA,2016,214.691466459
Gabon,GAB,1990,2414.94327398
Gabon,GAB,1995,2286.9909120899997
Gabon,GAB,2000,2158.52583658
Gabon,GAB,2005,1861.3544465399998
Gabon,GAB,2006,1828.27315843
Gabon,GAB,2010,1559.49911419
Gabon,GAB,2016,1506.13422174
Gambia,GMB,1990,3012.0183189
Gambia,GMB,1995,2667.3403494199997
Gambia,GMB,2000,2505.2953887999997
Gambia,GMB,2005,2174.20633412
Gambia,GMB,2006,2198.8165094
Gambia,GMB,2010,2146.8811853
Gambia,GMB,2016,2350.09285068
Georgia,GEO,1990,2066.71110388
Georgia,GEO,1995,1753.95367499
Georgia,GEO,2000,1619.1248497400002
Georgia,GEO,2005,1493.76503772
Georgia,GEO,2006,1464.7257240400002
Georgia,GEO,2010,1455.7220165899998
Georgia,GEO,2016,1213.83700794
Germany,DEU,1990,870.228435648
Germany,DEU,1995,689.051120923
Germany,DEU,2000,546.75854826
Germany,DEU,2005,446.246447572
Germany,DEU,2006,432.015101703
Germany,DEU,2010,392.052562281
Germany,DEU,2016,348.346285152
Ghana,GHA,1990,2428.4473203
Ghana,GHA,1995,2274.15469949
Ghana,GHA,2000,2371.98186415
Ghana,GHA,2005,1958.880386
Ghana,GHA,2006,1937.43521788
Ghana,GHA,2010,1845.2343249100002
Ghana,GHA,2016,2161.98536946
Greece,GRC,1990,707.270810484
Greece,GRC,1995,625.824700213
Greece,GRC,2000,579.063050686
Greece,GRC,2005,490.673637654
Greece,GRC,2006,486.482126129
Greece,GRC,2010,487.086182191
Greece,GRC,2016,437.556829814
Greenland,GRL,1990,894.799005902
Greenland,GRL,1995,754.544406491
Greenland,GRL,2000,717.386805874
Greenland,GRL,2005,545.3448646969999
Greenland,GRL,2006,475.737695728
Greenland,GRL,2010,321.740793153
Greenland,GRL,2016,173.802947098
Grenada,GRD,1990,1295.90774025
Grenada,GRD,1995,1191.5300025699999
Grenada,GRD,2000,1084.7835796
Grenada,GRD,2005,968.036091957
Grenada,GRD,2006,928.647278591
Grenada,GRD,2010,812.7272130069999
Grenada,GRD,2016,925.276865963
Guam,GUM,1990,671.4071202060001
Guam,GUM,1995,641.782900161
Guam,GUM,2000,689.655576119
Guam,GUM,2005,719.4797541309999
Guam,GUM,2006,712.090869899
Guam,GUM,2010,705.788269438
Guam,GUM,2016,798.4713172529999
Guatemala,GTM,1990,2285.4058159300002
Guatemala,GTM,1995,2176.11335229
Guatemala,GTM,2000,2069.06259141
Guatemala,GTM,2005,1707.00646625
Guatemala,GTM,2006,1583.21093828
Guatemala,GTM,2010,1209.93313214
Guatemala,GTM,2016,1019.22825856
Guinea,GIN,1990,3482.1029648
Guinea,GIN,1995,3256.70029726
Guinea,GIN,2000,2879.82795342
Guinea,GIN,2005,2412.68650438
Guinea,GIN,2006,2426.5453670499996
Guinea,GIN,2010,2468.46769334
Guinea,GIN,2016,2741.03877087
Guinea-Bissau,GNB,1990,4034.6272324
Guinea-Bissau,GNB,1995,3785.93285131
Guinea-Bissau,GNB,2000,3663.6000412500002
Guinea-Bissau,GNB,2005,2957.90659487
Guinea-Bissau,GNB,2006,2983.75816393
Guinea-Bissau,GNB,2010,3107.34721913
Guinea-Bissau,GNB,2016,3320.09743265
Guyana,GUY,1990,2168.35537402
Guyana,GUY,1995,1982.4018468
Guyana,GUY,2000,1719.7731184
Guyana,GUY,2005,1484.78292247
Guyana,GUY,2006,1434.8007003
Guyana,GUY,2010,1299.00017596
Guyana,GUY,2016,1278.4397463799999
Haiti,HTI,1990,3697.69369632
Haiti,HTI,1995,3343.70498792
Haiti,HTI,2000,2873.50675394
Haiti,HTI,2005,2548.20766141
Haiti,HTI,2006,2444.47418917
Haiti,HTI,2010,2051.5018657
Haiti,HTI,2016,1870.4674751399998
High-income Asia Pacific,,1990,583.830815401
High-income Asia Pacific,,1995,480.239476644
High-income Asia Pacific,,2000,405.253521621
High-income Asia Pacific,,2005,359.465196736
High-income Asia Pacific,,2006,345.34069045
High-income Asia Pacific,,2010,298.71760231
High-income Asia Pacific,,2016,277.75525311800004
Honduras,HND,1990,1799.7705696599999
Honduras,HND,1995,1692.9398134799999
Honduras,HND,2000,1592.96598817
Honduras,HND,2005,1521.12649056
Honduras,HND,2006,1462.0631126
Honduras,HND,2010,1247.39664194
Honduras,HND,2016,1101.19612024
Hungary,HUN,1990,2095.9535640900003
Hungary,HUN,1995,1778.68509165
Hungary,HUN,2000,1414.2899513
Hungary,HUN,2005,1226.54322355
Hungary,HUN,2006,1205.9999510100001
Hungary,HUN,2010,1105.63009306
Hungary,HUN,2016,1014.78486788
Iceland,ISL,1990,474.186214429
Iceland,ISL,1995,399.711276842
Iceland,ISL,2000,332.06157797000003
Iceland,ISL,2005,262.930631505
Iceland,ISL,2006,253.96169595
Iceland,ISL,2010,221.48422460199998
Iceland,ISL,2016,187.531129751
India,IND,1990,4128.45996243
India,IND,1995,3848.54036561
India,IND,2000,3584.95252157
India,IND,2005,3309.23837327
India,IND,2006,3264.15185806
India,IND,2010,3071.13170378
India,IND,2016,2925.24228768
Indonesia,IDN,1990,1517.5589742500001
Indonesia,IDN,1995,1406.4082458999999
Indonesia,IDN,2000,1334.98964451
Indonesia,IDN,2005,1339.3772424800002
Indonesia,IDN,2006,1304.3100792799999
Indonesia,IDN,2010,1166.0275427000001
Indonesia,IDN,2016,1106.06242738
Iran,IRN,1990,1856.6978397799999
Iran,IRN,1995,1743.4016930999999
Iran,IRN,2000,1664.3381795300002
Iran,IRN,2005,1439.3886696
Iran,IRN,2006,1422.00595446
Iran,IRN,2010,1332.17650831
Iran,IRN,2016,1160.7621833
Iraq,IRQ,1990,2921.50343226
Iraq,IRQ,1995,3100.8519344799997
Iraq,IRQ,2000,3033.41220813
Iraq,IRQ,2005,2980.71396797
Iraq,IRQ,2006,3049.53830301
Iraq,IRQ,2010,3272.4250634600003
Iraq,IRQ,2016,2645.62901849
Ireland,IRL,1990,846.960384998
Ireland,IRL,1995,710.302611181
Ireland,IRL,2000,574.35802349
Ireland,IRL,2005,393.763874995
Ireland,IRL,2006,374.343028352
Ireland,IRL,2010,310.75250876
Ireland,IRL,2016,276.34703089
Israel,ISR,1990,881.0675352819999
Israel,ISR,1995,685.677549299
Israel,ISR,2000,501.43803452900005
Israel,ISR,2005,399.15491235499996
Israel,ISR,2006,386.632941871
Israel,ISR,2010,332.195824382
Israel,ISR,2016,317.57270142100003
Italy,ITA,1990,633.682646287
Italy,ITA,1995,513.505713054
Italy,ITA,2000,411.90295951900004
Italy,ITA,2005,327.475470066
Italy,ITA,2006,318.806814244
Italy,ITA,2010,290.630721505
Italy,ITA,2016,274.681989577
Jamaica,JAM,1990,803.1075050630001
Jamaica,JAM,1995,767.6036020070001
Jamaica,JAM,2000,728.0992880590001
Jamaica,JAM,2005,620.024239169
Jamaica,JAM,2006,599.0704213529999
Jamaica,JAM,2010,519.160209764
Jamaica,JAM,2016,544.9292766259999
Japan,JPN,1990,440.488462305
Japan,JPN,1995,386.317966351
Japan,JPN,2000,334.765171092
Japan,JPN,2005,310.324843068
Japan,JPN,2006,299.876808227
Japan,JPN,2010,262.073108184
Japan,JPN,2016,232.077042852
Jordan,JOR,1990,1605.45676143
Jordan,JOR,1995,1449.94372262
Jordan,JOR,2000,1361.8842030399999
Jordan,JOR,2005,1294.8862164299999
Jordan,JOR,2006,1258.56199001
Jordan,JOR,2010,1106.64592681
Jordan,JOR,2016,996.410548218
Kazakhstan,KAZ,1990,2031.9521626300002
Kazakhstan,KAZ,1995,2344.1337503299997
Kazakhstan,KAZ,2000,2276.84860019
Kazakhstan,KAZ,2005,2091.09288682
Kazakhstan,KAZ,2006,2067.7065669099998
Kazakhstan,KAZ,2010,1680.9933798199997
Kazakhstan,KAZ,2016,1381.43319625
Kenya,KEN,1990,1173.12805477
Kenya,KEN,1995,1167.33878755
Kenya,KEN,2000,1104.90379101
Kenya,KEN,2005,974.9350771510001
Kenya,KEN,2006,946.588379928
Kenya,KEN,2010,880.196405753
Kenya,KEN,2016,803.464734881
Kiribati,KIR,1990,485.69350378999997
Kiribati,KIR,1995,490.795282819
Kiribati,KIR,2000,475.591740299
Kiribati,KIR,2005,391.13605079
Kiribati,KIR,2006,285.784984486
Kiribati,KIR,2010,195.548266571
Kiribati,KIR,2016,336.111541035
Kuwait,KWT,1990,1426.36811842
Kuwait,KWT,1995,1558.92733258
Kuwait,KWT,2000,1446.4623969
Kuwait,KWT,2005,1416.05061327
Kuwait,KWT,2006,1477.46406016
Kuwait,KWT,2010,1512.7607153
Kuwait,KWT,2016,1308.24786281
Kyrgyzstan,KGZ,1990,2310.09483398
Kyrgyzstan,KGZ,1995,2487.716352
Kyrgyzstan,KGZ,2000,2056.5931883099997
Kyrgyzstan,KGZ,2005,2041.71465373
Kyrgyzstan,KGZ,2006,2056.96420475
Kyrgyzstan,KGZ,2010,1786.90715244
Kyrgyzstan,KGZ,2016,1492.09159154
Laos,LAO,1990,4147.76370071
Laos,LAO,1995,3980.6727175900005
Laos,LAO,2000,3579.0407461799996
Laos,LAO,2005,3327.1266106099997
Laos,LAO,2006,3180.3234146699997
Laos,LAO,2010,2715.31742554
Laos,LAO,2016,2194.74093947
Latin America and Caribbean,,1990,1290.39930706
Latin America and Caribbean,,1995,1178.50382894
Latin America and Caribbean,,2000,1025.2076052
Latin America and Caribbean,,2005,860.080087176
Latin America and Caribbean,,2006,815.809214536
Latin America and Caribbean,,2010,668.560475047
Latin America and Caribbean,,2016,610.389533488
Latvia,LVA,1990,1920.79513835
Latvia,LVA,1995,2152.81676839
Latvia,LVA,2000,1422.36044305
Latvia,LVA,2005,1372.76459678
Latvia,LVA,2006,1418.4851611000001
Latvia,LVA,2010,1111.27309273
Latvia,LVA,2016,835.065244606
Lebanon,LBN,1990,1674.6274556100002
Lebanon,LBN,1995,1265.71924118
Lebanon,LBN,2000,953.821888859
Lebanon,LBN,2005,775.121651187
Lebanon,LBN,2006,760.330148289
Lebanon,LBN,2010,682.710891668
Lebanon,LBN,2016,687.986132333
Lesotho,LSO,1990,1994.35284159
Lesotho,LSO,1995,2046.2577465699999
Lesotho,LSO,2000,2531.08626882
Lesotho,LSO,2005,2696.30525836
Lesotho,LSO,2006,2626.6257794099997
Lesotho,LSO,2010,2358.24277054
Lesotho,LSO,2016,2360.09754007
Liberia,LBR,1990,1280.23855887
Liberia,LBR,1995,1208.99691496
Liberia,LBR,2000,1085.47130098
Liberia,LBR,2005,857.7625694249999
Liberia,LBR,2006,852.600202818
Liberia,LBR,2010,844.8470708130001
Liberia,LBR,2016,1184.57088486
Libya,LBY,1990,1616.3608360800001
Libya,LBY,1995,1479.23457925
Libya,LBY,2000,1461.51035034
Libya,LBY,2005,1395.6114000799998
Libya,LBY,2006,1392.02011482
Libya,LBY,2010,1393.0288611400001
Libya,LBY,2016,1425.36958518
Lithuania,LTU,1990,1668.26516612
Lithuania,LTU,1995,1719.74607846
Lithuania,LTU,2000,1171.35769095
Lithuania,LTU,2005,1230.3330566700001
Lithuania,LTU,2006,1262.31845455
Lithuania,LTU,2010,1088.5670617800001
Lithuania,LTU,2016,858.8756618570001
Luxembourg,LUX,1990,900.019776209
Luxembourg,LUX,1995,713.546126
Luxembourg,LUX,2000,566.441731552
Luxembourg,LUX,2005,456.24565180700006
Luxembourg,LUX,2006,435.215568989
Luxembourg,LUX,2010,367.739938378
Luxembourg,LUX,2016,323.13494509000003
Macedonia,MKD,1990,2210.97451049
Macedonia,MKD,1995,1932.80079768
Macedonia,MKD,2000,1680.11351715
Macedonia,MKD,2005,1456.64674751
Macedonia,MKD,2006,1446.30979965
Macedonia,MKD,2010,1394.9602315
Macedonia,MKD,2016,1202.7778477
Madagascar,MDG,1990,2392.0137959
Madagascar,MDG,1995,2404.9564793600002
Madagascar,MDG,2000,2227.54029863
Madagascar,MDG,2005,1960.7428359899998
Madagascar,MDG,2006,1904.01874726
Madagascar,MDG,2010,1819.6531490999998
Madagascar,MDG,2016,1901.6595782
Malawi,MWI,1990,2699.00280414
Malawi,MWI,1995,2721.80712245
Malawi,MWI,2000,2767.43762465
Malawi,MWI,2005,2171.5471263599998
Malawi,MWI,2006,2062.87256798
Malawi,MWI,2010,1805.6798859500002
Malawi,MWI,2016,1526.56280679
Malaysia,MYS,1990,1275.50248634
Malaysia,MYS,1995,1293.33184866
Malaysia,MYS,2000,1245.6429016700001
Malaysia,MYS,2005,1312.50276861
Malaysia,MYS,2006,1268.09907997
Malaysia,MYS,2010,1102.77851301
Malaysia,MYS,2016,1069.89098112
Maldives,MDV,1990,2831.8695895700002
Maldives,MDV,1995,2185.88110718
Maldives,MDV,2000,1663.4830290599998
Maldives,MDV,2005,1263.2060301
Maldives,MDV,2006,1170.78062115
Maldives,MDV,2010,939.4707794909999
Maldives,MDV,2016,843.1685210459999
Mali,MLI,1990,3384.08086991
Mali,MLI,1995,3050.24865444
Mali,MLI,2000,2683.5691189500003
Mali,MLI,2005,2170.02629692
Mali,MLI,2006,2137.59846902
Mali,MLI,2010,2060.29975909
Mali,MLI,2016,2140.10881908
Malta,MLT,1990,862.836012049
Malta,MLT,1995,691.472866983
Malta,MLT,2000,637.892534415
Malta,MLT,2005,454.80180393300003
Malta,MLT,2006,451.982186378
Malta,MLT,2010,437.74553838299994
Malta,MLT,2016,342.033182988
Marshall Islands,MHL,1990,1167.53597434
Marshall Islands,MHL,1995,1169.65933336
Marshall Islands,MHL,2000,1166.32714617
Marshall Islands,MHL,2005,1289.2917776000002
Marshall Islands,MHL,2006,1229.05432688
Marshall Islands,MHL,2010,1017.4520224799999
Marshall Islands,MHL,2016,1014.6256149300001
Mauritania,MRT,1990,3441.08985208
Mauritania,MRT,1995,3212.7609913600004
Mauritania,MRT,2000,3017.16386542
Mauritania,MRT,2005,2444.24386478
Mauritania,MRT,2006,2387.8143397599997
Mauritania,MRT,2010,2232.2694171
Mauritania,MRT,2016,2321.23286875
Mauritius,MUS,1990,1859.50182933
Mauritius,MUS,1995,1729.1832428
Mauritius,MUS,2000,1549.93917132
Mauritius,MUS,2005,1186.06848702
Mauritius,MUS,2006,1075.81739864
Mauritius,MUS,2010,774.150740641
Mauritius,MUS,2016,691.938636741
Mexico,MEX,1990,940.6849116830001
Mexico,MEX,1995,895.111134182
Mexico,MEX,2000,785.070791798
Mexico,MEX,2005,688.169530662
Mexico,MEX,2006,652.819616536
Mexico,MEX,2010,581.638961349
Mexico,MEX,2016,519.34938273
Micronesia (country),FSM,1990,1316.7237383299998
Micronesia (country),FSM,1995,1242.1492141400001
Micronesia (country),FSM,2000,1169.07768129
Micronesia (country),FSM,2005,1150.44312371
Micronesia (country),FSM,2006,1092.59263517
Micronesia (country),FSM,2010,906.9715441530001
Micronesia (country),FSM,2016,1061.20821926
Moldova,MDA,1990,2454.79566682
Moldova,MDA,1995,2688.89641019
Moldova,MDA,2000,2055.90927698
Moldova,MDA,2005,1804.4023329499998
Moldova,MDA,2006,1754.66187011
Moldova,MDA,2010,1696.32531075
Moldova,MDA,2016,1359.1654384800001
Mongolia,MNG,1990,2710.4794900399997
Mongolia,MNG,1995,2620.2465762499996
Mongolia,MNG,2000,2684.40460419
Mongolia,MNG,2005,2463.26179843
Mongolia,MNG,2006,2371.14722532
Mongolia,MNG,2010,2094.0537988
Mongolia,MNG,2016,2036.0045535900001
Montenegro,MNE,1990,1239.96117022
Montenegro,MNE,1995,1243.70121162
Montenegro,MNE,2000,1202.76236236
Montenegro,MNE,2005,1062.6362562699999
Montenegro,MNE,2006,1056.08337532
Montenegro,MNE,2010,1022.28865079
Montenegro,MNE,2016,928.0699224639999
Morocco,MAR,1990,1608.40271049
Morocco,MAR,1995,1451.83806785
Morocco,MAR,2000,1293.2845136400001
Morocco,MAR,2005,1173.54119979
Morocco,MAR,2006,1143.92249444
Morocco,MAR,2010,1028.16808906
Morocco,MAR,2016,1036.08188911
Mozambique,MOZ,1990,2377.18600331
Mozambique,MOZ,1995,2190.75266616
Mozambique,MOZ,2000,1902.53265729
Mozambique,MOZ,2005,1571.63706464
Mozambique,MOZ,2006,1525.13624002
Mozambique,MOZ,2010,1326.8943984
Mozambique,MOZ,2016,1226.31823102
Myanmar,MMR,1990,3321.8863993600003
Myanmar,MMR,1995,3239.2280936499997
Myanmar,MMR,2000,3134.86357822
Myanmar,MMR,2005,2860.97803278
Myanmar,MMR,2006,2708.09886667
Myanmar,MMR,2010,2195.7517402500002
Myanmar,MMR,2016,1768.5321602800002
Namibia,NAM,1990,2258.08046194
Namibia,NAM,1995,2115.2777192999997
Namibia,NAM,2000,2357.38379281
Namibia,NAM,2005,2026.85458112
Namibia,NAM,2006,1915.0061941699998
Namibia,NAM,2010,1507.40106958
Namibia,NAM,2016,1327.12958399
Nepal,NPL,1990,4171.31942852
Nepal,NPL,1995,3748.9388752000004
Nepal,NPL,2000,3454.73528273
Nepal,NPL,2005,3254.19427054
Nepal,NPL,2006,3187.6426843400004
Nepal,NPL,2010,2890.18518218
Nepal,NPL,2016,2663.52005877
Netherlands,NLD,1990,802.04748444
Netherlands,NLD,1995,706.886780333
Netherlands,NLD,2000,621.073266888
Netherlands,NLD,2005,487.378555991
Netherlands,NLD,2006,460.890318363
Netherlands,NLD,2010,396.114779722
Netherlands,NLD,2016,342.19483969099997
New Zealand,NZL,1990,412.265212517
New Zealand,NZL,1995,337.63295673100004
New Zealand,NZL,2000,261.677919068
New Zealand,NZL,2005,202.09399133200003
New Zealand,NZL,2006,188.134070417
New Zealand,NZL,2010,136.881902892
New Zealand,NZL,2016,130.277459655
Nicaragua,NIC,1990,1082.99546224
Nicaragua,NIC,1995,997.620037269
Nicaragua,NIC,2000,870.0315503530001
Nicaragua,NIC,2005,782.009524925
Nicaragua,NIC,2006,738.7116277819999
Nicaragua,NIC,2010,603.2974377659999
Nicaragua,NIC,2016,535.019983178
Niger,NER,1990,7450.8418898
Niger,NER,1995,6564.810049520001
Niger,NER,2000,5498.41542072
Niger,NER,2005,4488.1471684299995
Niger,NER,2006,4451.2450195
Niger,NER,2010,3778.74568367
Niger,NER,2016,3958.94343849
Nigeria,NGA,1990,3657.6702383
Nigeria,NGA,1995,3371.3017766
Nigeria,NGA,2000,3021.3666181
Nigeria,NGA,2005,2294.94554329
Nigeria,NGA,2006,2212.8169303199998
Nigeria,NGA,2010,1888.59370197
Nigeria,NGA,2016,2153.56061934
North Africa and Middle East,,1990,2605.2241025
North Africa and Middle East,,1995,2405.53360061
North Africa and Middle East,,2000,2159.75596209
North Africa and Middle East,,2005,1944.5529559099998
North Africa and Middle East,,2006,1925.2271472599998
North Africa and Middle East,,2010,1836.34265776
North Africa and Middle East,,2016,1756.8086952699998
North America,,1990,681.520024309
North America,,1995,606.352100481
North America,,2000,539.886112206
North America,,2005,472.151156789
North America,,2006,443.85155688
North America,,2010,355.376466151
North America,,2016,364.247380808
North Korea,PRK,1990,1764.11135236
North Korea,PRK,1995,1783.87735124
North Korea,PRK,2000,1979.46762609
North Korea,PRK,2005,2078.03252961
North Korea,PRK,2006,2069.42596917
North Korea,PRK,2010,2024.5861193100002
North Korea,PRK,2016,2071.06231324
Northern Ireland,,1990,916.9950623440001
Northern Ireland,,1995,750.728346134
Northern Ireland,,2000,581.916532224
Northern Ireland,,2005,441.217277889
Northern Ireland,,2006,422.107486041
Northern Ireland,,2010,353.974228716
Northern Ireland,,2016,331.19093066199997
Northern Mariana Islands,MNP,1990,824.36422464
Northern Mariana Islands,MNP,1995,694.250764258
Northern Mariana Islands,MNP,2000,619.0072973089999
Northern Mariana Islands,MNP,2005,606.422683187
Northern Mariana Islands,MNP,2006,598.666563166
Northern Mariana Islands,MNP,2010,591.182466794
Northern Mariana Islands,MNP,2016,647.528561513
Norway,NOR,1990,602.0869820519999
Norway,NOR,1995,496.348722304
Norway,NOR,2000,402.875524464
Norway,NOR,2005,297.65320648
Norway,NOR,2006,288.259760057
Norway,NOR,2010,260.248167826
Norway,NOR,2016,195.821088949
Oceania,,1990,2127.32328146
Oceania,,1995,2045.54028743
Oceania,,2000,1948.01028508
Oceania,,2005,1825.4908301799999
Oceania,,2006,1778.6490253700001
Oceania,,2010,1548.87227049
Oceania,,2016,1654.00472349
Oman,OMN,1990,2357.66906051
Oman,OMN,1995,2047.05941137
Oman,OMN,2000,1789.8588371
Oman,OMN,2005,1536.74880689
Oman,OMN,2006,1512.63863502
Oman,OMN,2010,1415.39960301
Oman,OMN,2016,1397.11345717
Pakistan,PAK,1990,3356.16076516
Pakistan,PAK,1995,3646.54112654
Pakistan,PAK,2000,3662.3408428700004
Pakistan,PAK,2005,3366.58137146
Pakistan,PAK,2006,3299.4509981200003
Pakistan,PAK,2010,3057.60687091
Pakistan,PAK,2016,2905.98255749
Palestine,PSE,1990,1616.81431521
Palestine,PSE,1995,1502.60555298
Palestine,PSE,2000,1523.5625216399999
Palestine,PSE,2005,1447.61106542
Palestine,PSE,2006,1435.94884318
Palestine,PSE,2010,1437.92136458
Palestine,PSE,2016,1530.43776233
Panama,PAN,1990,697.861728547
Panama,PAN,1995,630.26894573
Panama,PAN,2000,524.675751044
Panama,PAN,2005,467.4242353
Panama,PAN,2006,444.112654868
Panama,PAN,2010,366.114481397
Panama,PAN,2016,396.467497729
Papua New Guinea,PNG,1990,3081.4732799900003
Papua New Guinea,PNG,1995,2923.5032969
Papua New Guinea,PNG,2000,2765.0943343100002
Papua New Guinea,PNG,2005,2544.9556802399998
Papua New Guinea,PNG,2006,2490.17765353
Papua New Guinea,PNG,2010,2197.29922637
Papua New Guinea,PNG,2016,2299.63711634
Paraguay,PRY,1990,1025.81908807
Paraguay,PRY,1995,1041.42218783
Paraguay,PRY,2000,957.7181417539999
Paraguay,PRY,2005,925.317974519
Paraguay,PRY,2006,897.46817741
Paraguay,PRY,2010,797.1940614439999
Paraguay,PRY,2016,854.225346757
Peru,PER,1990,1788.73442446
Peru,PER,1995,1532.76675704
Peru,PER,2000,1160.1433434599999
Peru,PER,2005,1030.7777981699999
Peru,PER,2006,957.3460983550001
Peru,PER,2010,778.046122523
Peru,PER,2016,604.687072896
Philippines,PHL,1990,2220.65243272
Philippines,PHL,1995,2047.7557488900002
Philippines,PHL,2000,2038.83273809
Philippines,PHL,2005,2183.75175589
Philippines,PHL,2006,2133.33512391
Philippines,PHL,2010,1949.6925829600002
Philippines,PHL,2016,1773.9735737199999
Poland,POL,1990,2219.9681887399997
Poland,POL,1995,1760.3527440499997
Poland,POL,2000,1296.0098514000001
Poland,POL,2005,1079.0386373600002
Poland,POL,2006,1073.5784908
Poland,POL,2010,992.3374598769999
Poland,POL,2016,790.665554813
Portugal,PRT,1990,615.814330309
Portugal,PRT,1995,542.812580068
Portugal,PRT,2000,465.55036445
Portugal,PRT,2005,382.85646504100004
Portugal,PRT,2006,361.009120638
Portugal,PRT,2010,293.795184169
Portugal,PRT,2016,254.37307345600001
Puerto Rico,PRI,1990,798.7345931450001
Puerto Rico,PRI,1995,737.869886598
Puerto Rico,PRI,2000,699.5531241
Puerto Rico,PRI,2005,563.349811925
Puerto Rico,PRI,2006,541.722621976
Puerto Rico,PRI,2010,473.71206842
Puerto Rico,PRI,2016,475.03113037400004
Qatar,QAT,1990,1751.05172138
Qatar,QAT,1995,1848.85994057
Qatar,QAT,2000,1676.85445803
Qatar,QAT,2005,1359.11975236
Qatar,QAT,2006,1293.46242624
Qatar,QAT,2010,1040.35593494
Qatar,QAT,2016,1008.43386344
Romania,ROU,1990,2407.42881761
Romania,ROU,1995,2174.23470834
Romania,ROU,2000,1712.5591998000002
Romania,ROU,2005,1355.60656784
Romania,ROU,2006,1315.6731088099998
Romania,ROU,2010,1268.29493071
Romania,ROU,2016,1024.42261392
Russia,RUS,1990,1664.70141871
Russia,RUS,1995,2084.4825171499997
Russia,RUS,2000,1911.4173145
Russia,RUS,2005,1898.4972833900001
Russia,RUS,2006,1735.54797685
Russia,RUS,2010,1498.40244166
Russia,RUS,2016,1231.41375945
Rwanda,RWA,1990,4137.36711614
Rwanda,RWA,1995,4454.24929926
Rwanda,RWA,2000,3719.75708076
Rwanda,RWA,2005,2590.80575835
Rwanda,RWA,2006,2420.4340550800002
Rwanda,RWA,2010,1846.1589044700002
Rwanda,RWA,2016,1737.6054532300002
Saint Lucia,LCA,1990,972.870168225
Saint Lucia,LCA,1995,827.6422840030001
Saint Lucia,LCA,2000,683.007412595
Saint Lucia,LCA,2005,640.7708154540001
Saint Lucia,LCA,2006,601.908205912
Saint Lucia,LCA,2010,478.91206437500006
Saint Lucia,LCA,2016,515.1665130030001
Saint Vincent and the Grenadines,VCT,1990,1067.99828149
Saint Vincent and the Grenadines,VCT,1995,1031.79080268
Saint Vincent and the Grenadines,VCT,2000,936.5183813959999
Saint Vincent and the Grenadines,VCT,2005,821.5255645990001
Saint Vincent and the Grenadines,VCT,2006,797.1510244360001
Saint Vincent and the Grenadines,VCT,2010,718.849279272
Saint Vincent and the Grenadines,VCT,2016,807.5160793540001
Samoa,WSM,1990,322.569374734
Samoa,WSM,1995,314.95783904399997
Samoa,WSM,2000,302.44302676
Samoa,WSM,2005,289.273763047
Samoa,WSM,2006,231.497432644
Samoa,WSM,2010,123.62214838700001
Samoa,WSM,2016,180.441975293
Sao Tome and Principe,STP,1990,1614.7610507699999
Sao Tome and Principe,STP,1995,1509.4422042200001
Sao Tome and Principe,STP,2000,1462.15626359
Sao Tome and Principe,STP,2005,1307.92235979
Sao Tome and Principe,STP,2006,1256.8733858199998
Sao Tome and Principe,STP,2010,1037.1013588199999
Sao Tome and Principe,STP,2016,1052.37487624
Saudi Arabia,SAU,1990,1830.4210725199998
Saudi Arabia,SAU,1995,1848.71207181
Saudi Arabia,SAU,2000,1973.0402140600002
Saudi Arabia,SAU,2005,1823.6859261999998
Saudi Arabia,SAU,2006,1819.70695952
Saudi Arabia,SAU,2010,1796.31396832
Saudi Arabia,SAU,2016,1651.4619941
Scotland,,1990,1063.7069838
Scotland,,1995,859.0597201520001
Scotland,,2000,665.29974311
Scotland,,2005,528.625412483
Scotland,,2006,502.65954274599994
Scotland,,2010,422.846982793
Scotland,,2016,385.620790172
Senegal,SEN,1990,2727.6318874000003
Senegal,SEN,1995,2537.3511415899998
Senegal,SEN,2000,2491.2700720999997
Senegal,SEN,2005,2086.26460077
Senegal,SEN,2006,2091.81358499
Senegal,SEN,2010,2007.00535721
Senegal,SEN,2016,2315.65537339
Serbia,SRB,1990,1331.67008467
Serbia,SRB,1995,1326.07165267
Serbia,SRB,2000,1267.82583161
Serbia,SRB,2005,1060.23833399
Serbia,SRB,2006,1033.36343444
Serbia,SRB,2010,959.1457965860001
Serbia,SRB,2016,807.175027896
Seychelles,SYC,1990,1436.60251124
Seychelles,SYC,1995,1376.4179784599999
Seychelles,SYC,2000,1183.18031196
Seychelles,SYC,2005,1080.39683185
Seychelles,SYC,2006,1012.51521232
Seychelles,SYC,2010,825.55576846
Seychelles,SYC,2016,752.584317444
Sierra Leone,SLE,1990,3266.73205239
Sierra Leone,SLE,1995,2939.63778732
Sierra Leone,SLE,2000,2789.45284007
Sierra Leone,SLE,2005,2341.93540096
Sierra Leone,SLE,2006,2339.10188217
Sierra Leone,SLE,2010,2346.83961468
Sierra Leone,SLE,2016,2723.96671572
Singapore,SGP,1990,1142.3375102700002
Singapore,SGP,1995,939.995665207
Singapore,SGP,2000,749.407000883
Singapore,SGP,2005,740.1838878059999
Singapore,SGP,2006,693.61466552
Singapore,SGP,2010,495.01905896
Singapore,SGP,2016,519.129705736
Slovakia,SVK,1990,2166.03328282
Slovakia,SVK,1995,1649.57065528
Slovakia,SVK,2000,1350.50661674
Slovakia,SVK,2005,1167.21799483
Slovakia,SVK,2006,1141.82268346
Slovakia,SVK,2010,990.805375306
Slovakia,SVK,2016,821.5747851189999
Slovenia,SVN,1990,1050.68547548
Slovenia,SVN,1995,876.9071029219999
Slovenia,SVN,2000,670.7822127459999
Slovenia,SVN,2005,543.328396475
Slovenia,SVN,2006,516.381372239
Slovenia,SVN,2010,415.31777149100003
Slovenia,SVN,2016,368.858615994
Solomon Islands,SLB,1990,1206.94394296
Solomon Islands,SLB,1995,1153.709558
Solomon Islands,SLB,2000,1129.2766093
Solomon Islands,SLB,2005,1334.20821778
Solomon Islands,SLB,2006,1249.25640533
Solomon Islands,SLB,2010,944.46589449
Solomon Islands,SLB,2016,1306.81752136
Somalia,SOM,1990,2991.90286822
Somalia,SOM,1995,2893.7143696800003
Somalia,SOM,2000,2735.01813675
Somalia,SOM,2005,2299.47226413
Somalia,SOM,2006,2268.09156254
Somalia,SOM,2010,2196.60468022
Somalia,SOM,2016,2280.56461397
South Africa,ZAF,1990,2004.5088417099998
South Africa,ZAF,1995,1875.83259803
South Africa,ZAF,2000,2398.8033877599996
South Africa,ZAF,2005,2235.07292768
South Africa,ZAF,2006,2173.3438587200003
South Africa,ZAF,2010,1711.77692774
South Africa,ZAF,2016,1490.89581344
South Asia,,1990,4062.29147274
South Asia,,1995,3814.6480762099995
South Asia,,2000,3560.0930500000004
South Asia,,2005,3299.1039563599998
South Asia,,2006,3250.3723748
South Asia,,2010,3042.24680314
South Asia,,2016,2891.96653702
South Korea,KOR,1990,1245.79819641
South Korea,KOR,1995,914.9604071609999
South Korea,KOR,2000,727.666485945
South Korea,KOR,2005,558.33341298
South Korea,KOR,2006,528.335012373
South Korea,KOR,2010,442.522390866
South Korea,KOR,2016,430.84131930800004
South Sudan,SSD,1990,3402.3425433700004
South Sudan,SSD,1995,3139.00068272
South Sudan,SSD,2000,2806.37983057
South Sudan,SSD,2005,2287.01366295
South Sudan,SSD,2006,2317.76037326
South Sudan,SSD,2010,2241.89492783
South Sudan,SSD,2016,2414.15539012
Southeast Asia,,1990,1808.68920322
Southeast Asia,,1995,1695.5833403200002
Southeast Asia,,2000,1606.17571498
Southeast Asia,,2005,1568.2892920999998
Southeast Asia,,2006,1516.39908929
Southeast Asia,,2010,1325.49011124
Southeast Asia,,2016,1194.919618
Southern Latin America,,1990,996.3762698610001
Southern Latin America,,1995,870.4526861830001
Southern Latin America,,2000,747.305905579
Southern Latin America,,2005,653.797647649
Southern Latin America,,2006,637.8400820520001
Southern Latin America,,2010,589.4213605790001
Southern Latin America,,2016,526.735127077
Southern Sub-Saharan Africa,,1990,1900.21550772
Southern Sub-Saharan Africa,,1995,1798.9979631099998
Southern Sub-Saharan Africa,,2000,2317.36193328
Southern Sub-Saharan Africa,,2005,2200.99927912
Southern Sub-Saharan Africa,,2006,2133.96162064
Southern Sub-Saharan Africa,,2010,1732.44303084
Southern Sub-Saharan Africa,,2016,1523.15877636
Spain,ESP,1990,453.562514633
Spain,ESP,1995,390.014915434
Spain,ESP,2000,344.477475833
Spain,ESP,2005,296.62177867400004
Spain,ESP,2006,282.736032794
Spain,ESP,2010,235.988330629
Spain,ESP,2016,206.244058461
Sri Lanka,LKA,1990,1282.00664884
Sri Lanka,LKA,1995,1207.10090928
Sri Lanka,LKA,2000,1241.10051095
Sri Lanka,LKA,2005,1113.76231523
Sri Lanka,LKA,2006,1077.97104611
Sri Lanka,LKA,2010,953.362919328
Sri Lanka,LKA,2016,797.303650172
Sub-Saharan Africa,,1990,3113.30636823
Sub-Saharan Africa,,1995,2952.15495981
Sub-Saharan Africa,,2000,2805.09187475
Sub-Saharan Africa,,2005,2331.9772069699998
Sub-Saharan Africa,,2006,2277.16063412
Sub-Saharan Africa,,2010,2023.93347929
Sub-Saharan Africa,,2016,2081.64528583
Sudan,SDN,1990,3889.72380875
Sudan,SDN,1995,3654.36772777
Sudan,SDN,2000,3240.9359012600003
Sudan,SDN,2005,2872.9172837300002
Sudan,SDN,2006,2834.43648205
Sudan,SDN,2010,2604.99080772
Sudan,SDN,2016,2585.73169278
Suriname,SUR,1990,1374.8414526
Suriname,SUR,1995,1312.422432
Suriname,SUR,2000,1308.28654675
Suriname,SUR,2005,999.9741753430001
Suriname,SUR,2006,966.65559735
Suriname,SUR,2010,836.682478653
Suriname,SUR,2016,953.962667476
Swaziland,SWZ,1990,1985.6037500799998
Swaziland,SWZ,1995,1843.04547678
Swaziland,SWZ,2000,2418.14218765
Swaziland,SWZ,2005,2749.1345294400003
Swaziland,SWZ,2006,2602.1738635
Swaziland,SWZ,2010,2063.33857079
Swaziland,SWZ,2016,1709.4314449899998
Sweden,SWE,1990,356.271987206
Sweden,SWE,1995,274.060651061
Sweden,SWE,2000,219.774520228
Sweden,SWE,2005,155.931443505
Sweden,SWE,2006,150.387712303
Sweden,SWE,2010,133.087562733
Sweden,SWE,2016,110.28092867800001
Switzerland,CHE,1990,536.444379322
Switzerland,CHE,1995,443.597789911
Switzerland,CHE,2000,351.30157792299997
Switzerland,CHE,2005,285.109199283
Switzerland,CHE,2006,274.670147389
Switzerland,CHE,2010,240.425467559
Switzerland,CHE,2016,204.049736273
Syria,SYR,1990,2208.42520806
Syria,SYR,1995,2056.34642313
Syria,SYR,2000,1926.22733616
Syria,SYR,2005,1682.6584704800002
Syria,SYR,2006,1662.05637681
Syria,SYR,2010,1641.8328338299998
Syria,SYR,2016,1568.8109353599998
Taiwan,TWN,1990,974.4665253050001
Taiwan,TWN,1995,894.176954573
Taiwan,TWN,2000,793.4476132130001
Taiwan,TWN,2005,736.200076482
Taiwan,TWN,2006,713.7544883869999
Taiwan,TWN,2010,643.424865422
Taiwan,TWN,2016,581.345516951
Tajikistan,TJK,1990,5109.94766366
Tajikistan,TJK,1995,4905.81503385
Tajikistan,TJK,2000,4381.43634313
Tajikistan,TJK,2005,3296.98601109
Tajikistan,TJK,2006,3133.50312593
Tajikistan,TJK,2010,2850.19613776
Tajikistan,TJK,2016,2636.79295862
Tanzania,TZA,1990,2400.47753213
Tanzania,TZA,1995,2310.2529926700004
Tanzania,TZA,2000,2090.65906579
Tanzania,TZA,2005,1769.90342751
Tanzania,TZA,2006,1749.7241902800001
Tanzania,TZA,2010,1570.5093187500001
Tanzania,TZA,2016,1408.9654383700001
Thailand,THA,1990,1191.32190588
Thailand,THA,1995,1122.2733703000001
Thailand,THA,2000,1017.8421506000001
Thailand,THA,2005,927.630562753
Thailand,THA,2006,897.5412774880001
Thailand,THA,2010,764.9947937640001
Thailand,THA,2016,719.2045376560001
Timor,TLS,1990,2342.63655537
Timor,TLS,1995,1988.80501439
Timor,TLS,2000,1764.41975322
Timor,TLS,2005,1503.0534930200001
Timor,TLS,2006,1391.3368245499998
Timor,TLS,2010,1158.98182217
Timor,TLS,2016,995.132451071
Togo,TGO,1990,3331.6773810500003
Togo,TGO,1995,3237.3446763899997
Togo,TGO,2000,3121.94472555
Togo,TGO,2005,2594.73071631
Togo,TGO,2006,2521.37318605
Togo,TGO,2010,2380.27591907
Togo,TGO,2016,2913.89856213
Tonga,TON,1990,377.693455663
Tonga,TON,1995,380.062364631
Tonga,TON,2000,369.113713626
Tonga,TON,2005,334.85643280200003
Tonga,TON,2006,275.187068123
Tonga,TON,2010,168.28550766200001
Tonga,TON,2016,170.568415684
Trinidad and Tobago,TTO,1990,1368.58450457
Trinidad and Tobago,TTO,1995,1296.03366195
Trinidad and Tobago,TTO,2000,1152.26443762
Trinidad and Tobago,TTO,2005,810.982495182
Trinidad and Tobago,TTO,2006,763.801636801
Trinidad and Tobago,TTO,2010,630.341973717
Trinidad and Tobago,TTO,2016,725.591327428
Tropical Latin America,,1990,1263.0504947299999
Tropical Latin America,,1995,1152.86292282
Tropical Latin America,,2000,1001.0762220299999
Tropical Latin America,,2005,773.902095628
Tropical Latin America,,2006,729.532986503
Tropical Latin America,,2010,579.8938483320001
Tropical Latin America,,2016,561.544429065
Tunisia,TUN,1990,1642.3642537800001
Tunisia,TUN,1995,1487.34297558
Tunisia,TUN,2000,1235.63464845
Tunisia,TUN,2005,1021.1871011899999
Tunisia,TUN,2006,1021.69758151
Tunisia,TUN,2010,1026.9721802
Tunisia,TUN,2016,976.940803835
Turkey,TUR,1990,2054.9587298
Turkey,TUR,1995,1753.1546901600002
Turkey,TUR,2000,1344.27409676
Turkey,TUR,2005,961.143165665
Turkey,TUR,2006,916.921371799
Turkey,TUR,2010,879.3974920480001
Turkey,TUR,2016,830.25327295
Turkmenistan,TKM,1990,4499.860294280001
Turkmenistan,TKM,1995,4527.23070756
Turkmenistan,TKM,2000,4194.7484141899995
Turkmenistan,TKM,2005,2811.7053338600003
Turkmenistan,TKM,2006,2790.31332233
Turkmenistan,TKM,2010,2639.00555787
Turkmenistan,TKM,2016,2396.2243591
Uganda,UGA,1990,3591.66965539
Uganda,UGA,1995,3390.95622156
Uganda,UGA,2000,2966.0391791399998
Uganda,UGA,2005,2577.1967104
Uganda,UGA,2006,2542.7943730399998
Uganda,UGA,2010,2238.02386331
Uganda,UGA,2016,2236.75667772
Ukraine,UKR,1990,2005.4717755499998
Ukraine,UKR,1995,2360.3455599000004
Ukraine,UKR,2000,2065.37109892
Ukraine,UKR,2005,2039.31772792
Ukraine,UKR,2006,1945.87337738
Ukraine,UKR,2010,1625.1727879500002
Ukraine,UKR,2016,1429.13529572
United Arab Emirates,ARE,1990,2190.26764927
United Arab Emirates,ARE,1995,2165.37618533
United Arab Emirates,ARE,2000,1966.20073808
United Arab Emirates,ARE,2005,1611.2036158100002
United Arab Emirates,ARE,2006,1608.0580698600002
United Arab Emirates,ARE,2010,1696.99513397
United Arab Emirates,ARE,2016,1931.8586247800001
United Kingdom,GBR,1990,915.3723985070001
United Kingdom,GBR,1995,763.43059223
United Kingdom,GBR,2000,603.963677515
United Kingdom,GBR,2005,468.49677639
United Kingdom,GBR,2006,445.31255089700005
United Kingdom,GBR,2010,376.06652492800004
United Kingdom,GBR,2016,338.179104629
United States,USA,1990,710.1632772309999
United States,USA,1995,633.770000046
United States,USA,2000,566.779605971
United States,USA,2005,496.1843584
United States,USA,2006,466.37519909599996
United States,USA,2010,373.38444187
United States,USA,2016,384.506992386
United States Virgin Islands,VIR,1990,907.7178211159999
United States Virgin Islands,VIR,1995,882.126875287
United States Virgin Islands,VIR,2000,853.837867338
United States Virgin Islands,VIR,2005,736.965479492
United States Virgin Islands,VIR,2006,720.378262656
United States Virgin Islands,VIR,2010,660.685409035
United States Virgin Islands,VIR,2016,677.093142013
Uruguay,URY,1990,851.3149607900001
Uruguay,URY,1995,792.1556684389999
Uruguay,URY,2000,678.374979724
Uruguay,URY,2005,566.0164758999999
Uruguay,URY,2006,551.20797641
Uruguay,URY,2010,497.35539732800004
Uruguay,URY,2016,434.984586223
Uzbekistan,UZB,1990,3241.01215556
Uzbekistan,UZB,1995,3639.5090182000004
Uzbekistan,UZB,2000,3457.43645304
Uzbekistan,UZB,2005,3101.29528565
Uzbekistan,UZB,2006,3024.6375779
Uzbekistan,UZB,2010,2705.64800664
Uzbekistan,UZB,2016,2514.57377383
Vanuatu,VUT,1990,1722.61555294
Vanuatu,VUT,1995,1755.1322910699998
Vanuatu,VUT,2000,1761.2291655899999
Vanuatu,VUT,2005,1846.09004488
Vanuatu,VUT,2006,1721.36229077
Vanuatu,VUT,2010,1301.77160109
Vanuatu,VUT,2016,1401.96495996
Venezuela,VEN,1990,1310.22689713
Venezuela,VEN,1995,1160.3973692000002
Venezuela,VEN,2000,1053.95228477
Venezuela,VEN,2005,899.129805636
Venezuela,VEN,2006,892.948183073
Venezuela,VEN,2010,781.700380738
Venezuela,VEN,2016,815.024493239
Vietnam,VNM,1990,1684.3915866400002
Vietnam,VNM,1995,1551.49647552
Vietnam,VNM,2000,1427.9678619200001
Vietnam,VNM,2005,1384.45790772
Vietnam,VNM,2006,1346.6628366999998
Vietnam,VNM,2010,1199.54445987
Vietnam,VNM,2016,1060.1262232899999
Wales,,1990,883.425254496
Wales,,1995,739.330226994
Wales,,2000,596.305871243
Wales,,2005,459.49025827599996
Wales,,2006,437.490709677
Wales,,2010,380.89579309199996
Wales,,2016,355.48132626
Western Europe,,1990,695.8407174260001
Western Europe,,1995,573.7374776940001
Western Europe,,2000,469.188888262
Western Europe,,2005,378.171713738
Western Europe,,2006,364.113214237
Western Europe,,2010,322.710599931
Western Europe,,2016,286.686859802
Western Sub-Saharan Africa,,1990,3624.52322219
Western Sub-Saharan Africa,,1995,3402.3720507999997
Western Sub-Saharan Africa,,2000,3151.2428719500003
Western Sub-Saharan Africa,,2005,2529.89066242
Western Sub-Saharan Africa,,2006,2474.77490201
Western Sub-Saharan Africa,,2010,2236.76849604
Western Sub-Saharan Africa,,2016,2549.5044761100003
World,OWID_WRL,1990,2449.0781480200003
World,OWID_WRL,1995,2309.0521048299997
World,OWID_WRL,2000,2108.80379946
World,OWID_WRL,2005,1894.14306806
World,OWID_WRL,2006,1833.6949552499998
World,OWID_WRL,2010,1652.5881709999999
World,OWID_WRL,2016,1520.9291219699999
Yemen,YEM,1990,4155.31522738
Yemen,YEM,1995,3842.2777527599997
Yemen,YEM,2000,3487.4993218199998
Yemen,YEM,2005,2826.02004704
Yemen,YEM,2006,2777.76414442
Yemen,YEM,2010,2619.3270283899997
Yemen,YEM,2016,2795.8604064300002
Zambia,ZMB,1990,3073.91462083
Zambia,ZMB,1995,3298.88212892
Zambia,ZMB,2000,3306.40660468
Zambia,ZMB,2005,2932.16064271
Zambia,ZMB,2006,2851.78517826
Zambia,ZMB,2010,2359.40758879
Zambia,ZMB,2016,2037.41455577
Zimbabwe,ZWE,1990,1535.87833409
Zimbabwe,ZWE,1995,1441.55608444
Zimbabwe,ZWE,2000,2024.57836685
Zimbabwe,ZWE,2005,2149.97721936
Zimbabwe,ZWE,2006,2082.91921683
Zimbabwe,ZWE,2010,1897.03959874
Zimbabwe,ZWE,2016,1663.4123858100002