Entity,Code,Year,"Deaths - Ambient particulate matter pollution - Sex: Both - Age: Age-standardized (Rate) (deaths per 100,000)"
Afghanistan,AFG,1990,227.815220602
Afghanistan,AFG,1995,232.945011103
Afghanistan,AFG,2000,238.586177827
Afghanistan,AFG,2005,215.77063718399998
Afghanistan,AFG,2006,214.183112784
Afghanistan,AFG,2010,201.35831847100002
Afghanistan,AFG,2016,207.655491534
Albania,ALB,1990,55.9374552438
Albania,ALB,1995,49.05036271749999
Albania,ALB,2000,48.6846938151
Albania,ALB,2005,45.4014171148
Albania,ALB,2006,45.7882750352
Albania,ALB,2010,45.89138904
Albania,ALB,2016,38.9106246796
Algeria,DZA,1990,74.2329621689
Algeria,DZA,1995,67.9447197039
Algeria,DZA,2000,61.7967147019
Algeria,DZA,2005,51.2648316552
Algeria,DZA,2006,49.5928058599
Algeria,DZA,2010,44.141439868700004
Algeria,DZA,2016,47.733217128599996
American Samoa,ASM,1990,11.6585142241
American Samoa,ASM,1995,11.0169406764
American Samoa,ASM,2000,10.6622188184
American Samoa,ASM,2005,9.64976576036
American Samoa,ASM,2006,6.35102052884
American Samoa,ASM,2010,3.9329629352700004
American Samoa,ASM,2016,5.9216754497
Andean Latin America,,1990,61.5142883699
Andean Latin America,,1995,58.292750763
Andean Latin America,,2000,49.6366568027
Andean Latin America,,2005,47.5651612554
Andean Latin America,,2006,44.7949920374
Andean Latin America,,2010,37.3653399516
Andean Latin America,,2016,30.6265709801
Andorra,AND,1990,23.5475842821
Andorra,AND,1995,20.699322263600003
Andorra,AND,2000,16.4551265333
Andorra,AND,2005,15.1331456917
Andorra,AND,2006,14.9042515424
Andorra,AND,2010,14.497003107300001
Andorra,AND,2016,14.5398281575
Angola,AGO,1990,107.425575389
Angola,AGO,1995,107.407747041
Angola,AGO,2000,106.157201664
Angola,AGO,2005,95.8482923479
Angola,AGO,2006,93.045167224
Angola,AGO,2010,80.9414845922
Angola,AGO,2016,75.313050795
Antigua and Barbuda,ATG,1990,44.1265779705
Antigua and Barbuda,ATG,1995,38.3718253535
Antigua and Barbuda,ATG,2000,32.5238375168
Antigua and Barbuda,ATG,2005,28.3225792555
Antigua and Barbuda,ATG,2006,27.286228986900003
Antigua and Barbuda,ATG,2010,22.983101780400002
Antigua and Barbuda,ATG,2016,24.1963285372
Argentina,ARG,1990,49.4617170717
Argentina,ARG,1995,44.505716232
Argentina,ARG,2000,41.6993816109
Argentina,ARG,2005,38.0890885567
Argentina,ARG,2006,37.435410495599996
Argentina,ARG,2010,35.1952862888
Argentina,ARG,2016,31.722792911699997
Armenia,ARM,1990,74.9511517375
Armenia,ARM,1995,75.1059147109
Armenia,ARM,2000,66.3789529502
Armenia,ARM,2005,67.79471958559999
Armenia,ARM,2006,69.37541061820001
Armenia,ARM,2010,68.4241725986
Armenia,ARM,2016,55.6342603186
Australasia,,1990,21.9383656376
Australasia,,1995,18.5277840691
Australasia,,2000,14.9328574184
Australasia,,2005,11.4775889792
Australasia,,2006,10.748273879600001
Australasia,,2010,8.18773002859
Australasia,,2016,7.92747939062
Australia,AUS,1990,21.851311585799998
Australia,AUS,1995,18.438140185600002
Australia,AUS,2000,14.9011626948
Australia,AUS,2005,11.3758443057
Australia,AUS,2006,10.6551741007
Australia,AUS,2010,8.17684835515
Australia,AUS,2016,7.926322065189999
Austria,AUT,1990,43.4463372238
Austria,AUT,1995,37.4112410652
Austria,AUT,2000,31.228907847000002
Austria,AUT,2005,24.984460478299997
Austria,AUT,2006,24.0667843432
Austria,AUT,2010,21.5271684437
Austria,AUT,2016,18.967318197
Azerbaijan,AZE,1990,114.466741809
Azerbaijan,AZE,1995,117.14503918000001
Azerbaijan,AZE,2000,113.230230257
Azerbaijan,AZE,2005,101.258417533
Azerbaijan,AZE,2006,101.291475293
Azerbaijan,AZE,2010,106.513186101
Azerbaijan,AZE,2016,89.3102123065
Bahamas,BHS,1990,47.3874578402
Bahamas,BHS,1995,44.3842789088
Bahamas,BHS,2000,38.6908955771
Bahamas,BHS,2005,33.0130413397
Bahamas,BHS,2006,30.3413919405
Bahamas,BHS,2010,25.1184317293
Bahamas,BHS,2016,26.9518284644
Bahrain,BHR,1990,138.438194016
Bahrain,BHR,1995,125.174406365
Bahrain,BHR,2000,104.94780629
Bahrain,BHR,2005,82.063060667
Bahrain,BHR,2006,80.1240794561
Bahrain,BHR,2010,67.9373202504
Bahrain,BHR,2016,62.7120670986
Bangladesh,BGD,1990,141.544680095
Bangladesh,BGD,1995,130.59848492700002
Bangladesh,BGD,2000,119.126325036
Bangladesh,BGD,2005,123.379377544
Bangladesh,BGD,2006,123.241786394
Bangladesh,BGD,2010,118.05081474900001
Bangladesh,BGD,2016,116.52298535099999
Barbados,BRB,1990,42.642292118600004
Barbados,BRB,1995,40.322306492100005
Barbados,BRB,2000,32.0363892677
Barbados,BRB,2005,26.226085040699996
Barbados,BRB,2006,25.4302004909
Barbados,BRB,2010,21.660875141400002
Barbados,BRB,2016,25.3002109978
Belarus,BLR,1990,97.9114672931
Belarus,BLR,1995,104.30829417300001
Belarus,BLR,2000,98.4254428389
Belarus,BLR,2005,93.9840074805
Belarus,BLR,2006,91.1019106276
Belarus,BLR,2010,86.3730916621
Belarus,BLR,2016,67.26404079390001
Belgium,BEL,1990,46.120855227
Belgium,BEL,1995,38.915450871000004
Belgium,BEL,2000,34.392839153400004
Belgium,BEL,2005,28.656499456800002
Belgium,BEL,2006,27.466526070500002
Belgium,BEL,2010,24.877770711600004
Belgium,BEL,2016,22.076973163199998
Belize,BLZ,1990,60.947778291999995
Belize,BLZ,1995,69.0726161302
Belize,BLZ,2000,74.2058279372
Belize,BLZ,2005,61.868542903
Belize,BLZ,2006,58.4870759597
Belize,BLZ,2010,48.7238540056
Belize,BLZ,2016,47.1166097445
Benin,BEN,1990,125.62941323599999
Benin,BEN,1995,122.44059446399999
Benin,BEN,2000,118.976508412
Benin,BEN,2005,99.765991833
Benin,BEN,2006,98.0718548376
Benin,BEN,2010,94.3763803222
Benin,BEN,2016,122.93157352
Bermuda,BMU,1990,64.4952927305
Bermuda,BMU,1995,54.849511349500006
Bermuda,BMU,2000,46.1128025448
Bermuda,BMU,2005,34.373434174100005
Bermuda,BMU,2006,32.2892841306
Bermuda,BMU,2010,23.2088282747
Bermuda,BMU,2016,19.9542188602
Bhutan,BTN,1990,120.13662212799998
Bhutan,BTN,1995,111.161916338
Bhutan,BTN,2000,97.44530903670001
Bhutan,BTN,2005,94.1716077031
Bhutan,BTN,2006,91.2143101225
Bhutan,BTN,2010,83.2227096325
Bhutan,BTN,2016,80.4497492815
Bolivia,BOL,1990,96.03188133729999
Bolivia,BOL,1995,84.8967341843
Bolivia,BOL,2000,72.71132183600001
Bolivia,BOL,2005,72.9443405151
Bolivia,BOL,2006,69.20823514119999
Bolivia,BOL,2010,57.8927091801
Bolivia,BOL,2016,45.8726247576
Bosnia and Herzegovina,BIH,1990,105.806415717
Bosnia and Herzegovina,BIH,1995,94.2531748465
Bosnia and Herzegovina,BIH,2000,76.2119759054
Bosnia and Herzegovina,BIH,2005,65.7941545035
Bosnia and Herzegovina,BIH,2006,64.66966196029999
Bosnia and Herzegovina,BIH,2010,60.053025166299996
Bosnia and Herzegovina,BIH,2016,55.90147928380001
Botswana,BWA,1990,73.4741838274
Botswana,BWA,1995,73.197869165
Botswana,BWA,2000,89.7084452203
Botswana,BWA,2005,81.57158867860001
Botswana,BWA,2006,76.5741698124
Botswana,BWA,2010,61.18018031810001
Botswana,BWA,2016,61.303402813299996
Brazil,BRA,1990,59.9739370908
Brazil,BRA,1995,56.3056258163
Brazil,BRA,2000,50.984225441300005
Brazil,BRA,2005,39.3474579543
Brazil,BRA,2006,36.9973771208
Brazil,BRA,2010,29.0837874025
Brazil,BRA,2016,28.4223756359
Brunei,BRN,1990,21.1086704546
Brunei,BRN,1995,19.373376367800002
Brunei,BRN,2000,15.5325461221
Brunei,BRN,2005,20.7038645137
Brunei,BRN,2006,19.8219402925
Brunei,BRN,2010,16.2495271997
Brunei,BRN,2016,16.2968048623
Bulgaria,BGR,1990,121.203377439
Bulgaria,BGR,1995,110.995144778
Bulgaria,BGR,2000,96.540062686
Bulgaria,BGR,2005,81.4500683341
Bulgaria,BGR,2006,81.3934298905
Bulgaria,BGR,2010,76.6906682613
Bulgaria,BGR,2016,67.3781715682
Burkina Faso,BFA,1990,128.106534747
Burkina Faso,BFA,1995,121.954913908
Burkina Faso,BFA,2000,120.869013787
Burkina Faso,BFA,2005,108.139999938
Burkina Faso,BFA,2006,107.31110572200001
Burkina Faso,BFA,2010,105.21666362900001
Burkina Faso,BFA,2016,123.25105225099999
Burundi,BDI,1990,160.367419733
Burundi,BDI,1995,155.348989862
Burundi,BDI,2000,135.229175296
Burundi,BDI,2005,110.061839903
Burundi,BDI,2006,106.03932372999999
Burundi,BDI,2010,95.0720339632
Burundi,BDI,2016,96.830081968
Cambodia,KHM,1990,100.233370323
Cambodia,KHM,1995,99.59242484939999
Cambodia,KHM,2000,96.371521583
Cambodia,KHM,2005,93.5376003623
Cambodia,KHM,2006,89.2071983414
Cambodia,KHM,2010,77.64907053270001
Cambodia,KHM,2016,72.6381622363
Cameroon,CMR,1990,138.517903448
Cameroon,CMR,1995,143.764377137
Cameroon,CMR,2000,153.767933229
Cameroon,CMR,2005,139.923933213
Cameroon,CMR,2006,137.550731053
Cameroon,CMR,2010,128.890709818
Cameroon,CMR,2016,147.805143378
Canada,CAN,1990,23.3761763921
Canada,CAN,1995,20.8113794107
Canada,CAN,2000,17.8335917394
Canada,CAN,2005,15.488585615900002
Canada,CAN,2006,14.594729776400001
Canada,CAN,2010,11.7731173991
Canada,CAN,2016,11.3974306468
Cape Verde,CPV,1990,89.13942727
Cape Verde,CPV,1995,90.7391527896
Cape Verde,CPV,2000,84.5091909898
Cape Verde,CPV,2005,68.5413303925
Cape Verde,CPV,2006,68.3959957397
Cape Verde,CPV,2010,66.19708602189999
Cape Verde,CPV,2016,79.584680517
Caribbean,,1990,62.58026431140001
Caribbean,,1995,58.453296404700005
Caribbean,,2000,53.21487058180001
Caribbean,,2005,46.5695074625
Caribbean,,2006,44.8430575356
Caribbean,,2010,38.7247030618
Caribbean,,2016,38.3006761055
Central African Republic,CAF,1990,149.136875308
Central African Republic,CAF,1995,150.913985647
Central African Republic,CAF,2000,152.465244558
Central African Republic,CAF,2005,146.85810400600002
Central African Republic,CAF,2006,146.454271995
Central African Republic,CAF,2010,137.55184376699998
Central African Republic,CAF,2016,152.212158615
Central Asia,,1990,106.71839485099999
Central Asia,,1995,115.14555207199999
Central Asia,,2000,111.54902101500001
Central Asia,,2005,103.889448075
Central Asia,,2006,102.43469271999999
Central Asia,,2010,95.3381786545
Central Asia,,2016,86.6965352502
Central Europe,,1990,100.809031927
Central Europe,,1995,86.59063424690001
Central Europe,,2000,70.4163688135
Central Europe,,2005,59.553519563600005
Central Europe,,2006,58.5136244392
Central Europe,,2010,54.642615628
Central Europe,,2016,46.3097924872
Central Latin America,,1990,47.143170005799995
Central Latin America,,1995,45.5576490871
Central Latin America,,2000,41.512571308800005
Central Latin America,,2005,37.8008158058
Central Latin America,,2006,36.3165245609
Central Latin America,,2010,31.444359059599996
Central Latin America,,2016,29.1480018994
Central Sub-Saharan Africa,,1990,111.36918112500001
Central Sub-Saharan Africa,,1995,111.107177673
Central Sub-Saharan Africa,,2000,110.345527082
Central Sub-Saharan Africa,,2005,100.378683158
Central Sub-Saharan Africa,,2006,98.7946626213
Central Sub-Saharan Africa,,2010,91.6049970421
Central Sub-Saharan Africa,,2016,94.2554452963
Chad,TCD,1990,123.983393992
Chad,TCD,1995,125.431598845
Chad,TCD,2000,132.760960231
Chad,TCD,2005,122.228113175
Chad,TCD,2006,120.326189828
Chad,TCD,2010,118.45063586100001
Chad,TCD,2016,130.23060709199999
Chile,CHL,1990,50.305755651599995
Chile,CHL,1995,43.3022604105
Chile,CHL,2000,33.9231434135
Chile,CHL,2005,29.2009227415
Chile,CHL,2006,27.8303982405
Chile,CHL,2010,25.3143422662
Chile,CHL,2016,22.967037073700002
China,CHN,1990,145.709491947
China,CHN,1995,140.35353733099998
China,CHN,2000,128.442157875
China,CHN,2005,114.502818876
China,CHN,2006,108.512690902
China,CHN,2010,97.2270576212
China,CHN,2016,79.7682558133
Colombia,COL,1990,48.7573539407
Colombia,COL,1995,46.432193511899996
Colombia,COL,2000,41.9530267991
Colombia,COL,2005,39.893395411099995
Colombia,COL,2006,39.0880193844
Colombia,COL,2010,31.739423747800004
Colombia,COL,2016,26.9571072755
Comoros,COM,1990,82.71075553189999
Comoros,COM,1995,78.7318870483
Comoros,COM,2000,70.5973359514
Comoros,COM,2005,59.446471447499995
Comoros,COM,2006,57.65211993329999
Comoros,COM,2010,50.2371644546
Comoros,COM,2016,50.882856494799995
Congo,COG,1990,147.625647595
Congo,COG,1995,147.369272564
Congo,COG,2000,141.261558613
Congo,COG,2005,115.494316231
Congo,COG,2006,111.609090468
Congo,COG,2010,97.3103890996
Congo,COG,2016,92.9273822261
Costa Rica,CRI,1990,38.0948301384
Costa Rica,CRI,1995,35.0570090833
Costa Rica,CRI,2000,31.452153994200003
Costa Rica,CRI,2005,24.552807390100003
Costa Rica,CRI,2006,22.6371229802
Costa Rica,CRI,2010,17.3416121701
Costa Rica,CRI,2016,18.6417076319
Cote d'Ivoire,CIV,1990,106.97071711299999
Cote d'Ivoire,CIV,1995,114.14000853
Cote d'Ivoire,CIV,2000,113.23982923199999
Cote d'Ivoire,CIV,2005,101.133884164
Cote d'Ivoire,CIV,2006,101.26243243399999
Cote d'Ivoire,CIV,2010,97.4018831029
Cote d'Ivoire,CIV,2016,127.287748943
Croatia,HRV,1990,71.793229757
Croatia,HRV,1995,63.634037268600004
Croatia,HRV,2000,55.9133054195
Croatia,HRV,2005,49.9084684392
Croatia,HRV,2006,48.743953638600004
Croatia,HRV,2010,43.5735287998
Croatia,HRV,2016,41.3303830454
Cuba,CUB,1990,55.887074687399995
Cuba,CUB,1995,53.114190488400006
Cuba,CUB,2000,47.778403972599996
Cuba,CUB,2005,42.3608395476
Cuba,CUB,2006,40.1236633927
Cuba,CUB,2010,32.6753117028
Cuba,CUB,2016,31.8650871433
Cyprus,CYP,1990,48.7870171323
Cyprus,CYP,1995,42.065432995500004
Cyprus,CYP,2000,36.385235095
Cyprus,CYP,2005,30.111005800700003
Cyprus,CYP,2006,28.525587249999997
Cyprus,CYP,2010,25.0884622583
Cyprus,CYP,2016,24.9497038641
Czech Republic,CZE,1990,104.746804298
Czech Republic,CZE,1995,78.8722038312
Czech Republic,CZE,2000,60.0103533085
Czech Republic,CZE,2005,50.1536084844
Czech Republic,CZE,2006,48.4625882193
Czech Republic,CZE,2010,44.2331664533
Czech Republic,CZE,2016,36.0231842828
Democratic Republic of Congo,COD,1990,105.04986781400001
Democratic Republic of Congo,COD,1995,105.325152331
Democratic Republic of Congo,COD,2000,105.44119373199999
Democratic Republic of Congo,COD,2005,97.2783038047
Democratic Republic of Congo,COD,2006,96.19911082009999
Democratic Republic of Congo,COD,2010,91.3807692999
Democratic Republic of Congo,COD,2016,96.2481162142
Denmark,DNK,1990,42.3356828669
Denmark,DNK,1995,37.9403373706
Denmark,DNK,2000,30.0014040018
Denmark,DNK,2005,24.362833602600002
Denmark,DNK,2006,23.486871657400002
Denmark,DNK,2010,20.4056499399
Denmark,DNK,2016,17.1798228998
Djibouti,DJI,1990,93.628835369
Djibouti,DJI,1995,92.1601063449
Djibouti,DJI,2000,89.5691810818
Djibouti,DJI,2005,79.5377148742
Djibouti,DJI,2006,79.19166263
Djibouti,DJI,2010,78.0292688087
Djibouti,DJI,2016,84.05600100449999
Dominica,DMA,1990,46.7729365204
Dominica,DMA,1995,46.348364163
Dominica,DMA,2000,36.2280358151
Dominica,DMA,2005,32.9781877752
Dominica,DMA,2006,32.1658339629
Dominica,DMA,2010,28.4637139617
Dominica,DMA,2016,30.5990186662
Dominican Republic,DOM,1990,49.2689667003
Dominican Republic,DOM,1995,44.5934150276
Dominican Republic,DOM,2000,45.5870590464
Dominican Republic,DOM,2005,38.4219200869
Dominican Republic,DOM,2006,38.414372634100005
Dominican Republic,DOM,2010,37.552732254300004
Dominican Republic,DOM,2016,37.7797417713
East Asia,,1990,143.12604595899998
East Asia,,1995,137.676043558
East Asia,,2000,126.105290131
East Asia,,2005,112.63121879200001
East Asia,,2006,106.808745599
East Asia,,2010,95.8098191065
East Asia,,2016,79.0032719978
Eastern Europe,,1990,90.1777982561
Eastern Europe,,1995,102.79969436
Eastern Europe,,2000,92.9486340687
Eastern Europe,,2005,90.0288756958
Eastern Europe,,2006,84.6957579708
Eastern Europe,,2010,75.1553648034
Eastern Europe,,2016,63.4207268649
Eastern Sub-Saharan Africa,,1990,101.287191481
Eastern Sub-Saharan Africa,,1995,98.765587756
Eastern Sub-Saharan Africa,,2000,91.809784252
Eastern Sub-Saharan Africa,,2005,78.9264476207
Eastern Sub-Saharan Africa,,2006,77.63026839630001
Eastern Sub-Saharan Africa,,2010,71.82675376040001
Eastern Sub-Saharan Africa,,2016,72.9764043989
Ecuador,ECU,1990,40.761266843
Ecuador,ECU,1995,36.7765653539
Ecuador,ECU,2000,32.2038744651
Ecuador,ECU,2005,29.6488445978
Ecuador,ECU,2006,27.8973388986
Ecuador,ECU,2010,21.8565564322
Ecuador,ECU,2016,18.4805825306
Egypt,EGY,1990,142.209446898
Egypt,EGY,1995,126.41045885000001
Egypt,EGY,2000,112.283522301
Egypt,EGY,2005,116.148585999
Egypt,EGY,2006,117.708629165
Egypt,EGY,2010,122.950512058
Egypt,EGY,2016,120.72336772899999
El Salvador,SLV,1990,68.878875372
El Salvador,SLV,1995,62.865457650100005
El Salvador,SLV,2000,54.2463728882
El Salvador,SLV,2005,47.7431666563
El Salvador,SLV,2006,45.9534748358
El Salvador,SLV,2010,39.1816011244
El Salvador,SLV,2016,37.6023542733
England,,1990,49.2674628346
England,,1995,42.6233183659
England,,2000,34.4702525033
England,,2005,26.964433673300004
England,,2006,25.519237325
England,,2010,21.516288748
England,,2016,19.614535568
Equatorial Guinea,GNQ,1990,149.105592675
Equatorial Guinea,GNQ,1995,141.517341483
Equatorial Guinea,GNQ,2000,112.028025581
Equatorial Guinea,GNQ,2005,72.44410984550001
Equatorial Guinea,GNQ,2006,72.32607238380001
Equatorial Guinea,GNQ,2010,65.5019219425
Equatorial Guinea,GNQ,2016,68.3695652933
Eritrea,ERI,1990,137.551406308
Eritrea,ERI,1995,115.509525465
Eritrea,ERI,2000,100.935543394
Eritrea,ERI,2005,90.93656391309999
Eritrea,ERI,2006,90.94460860369999
Eritrea,ERI,2010,91.8565293439
Eritrea,ERI,2016,92.8759776427
Estonia,EST,1990,63.12793485
Estonia,EST,1995,59.349799026700005
Estonia,EST,2000,43.4880598785
Estonia,EST,2005,35.077052917500005
Estonia,EST,2006,34.0013120121
Estonia,EST,2010,25.0980242578
Estonia,EST,2016,15.015086028899999
Ethiopia,ETH,1990,129.635203447
Ethiopia,ETH,1995,120.792128178
Ethiopia,ETH,2000,108.49231674699999
Ethiopia,ETH,2005,90.4229259338
Ethiopia,ETH,2006,89.187720396
Ethiopia,ETH,2010,82.4128546081
Ethiopia,ETH,2016,86.1814470425
Fiji,FJI,1990,41.637357730199994
Fiji,FJI,1995,42.3758383653
Fiji,FJI,2000,42.0551205147
Fiji,FJI,2005,39.437148036100005
Fiji,FJI,2006,37.6209738176
Fiji,FJI,2010,28.8250581276
Fiji,FJI,2016,30.0163807867
Finland,FIN,1990,33.6880566246
Finland,FIN,1995,26.2036624009
Finland,FIN,2000,20.894010492099998
Finland,FIN,2005,16.2005890386
Finland,FIN,2006,15.7711081806
Finland,FIN,2010,14.058309260700002
Finland,FIN,2016,9.741916056140001
France,FRA,1990,24.9916234208
France,FRA,1995,21.648872139399998
France,FRA,2000,18.7547435874
France,FRA,2005,15.6460956546
France,FRA,2006,15.096013574699999
France,FRA,2010,13.648942338800001
France,FRA,2016,11.9934693945
Gabon,GAB,1990,101.37039767899999
Gabon,GAB,1995,98.89121934680001
Gabon,GAB,2000,95.8642251639
Gabon,GAB,2005,81.53964614659999
Gabon,GAB,2006,80.0611913954
Gabon,GAB,2010,69.93692165110001
Gabon,GAB,2016,70.5386655183
Gambia,GMB,1990,113.540224681
Gambia,GMB,1995,109.032305865
Gambia,GMB,2000,108.513884314
Gambia,GMB,2005,94.8469747066
Gambia,GMB,2006,96.499207619
Gambia,GMB,2010,97.2521061677
Gambia,GMB,2016,109.32670069999999
Georgia,GEO,1990,86.7842200864
Georgia,GEO,1995,75.874844435
Georgia,GEO,2000,72.1126928932
Georgia,GEO,2005,71.95763487730001
Georgia,GEO,2006,70.0265661137
Georgia,GEO,2010,70.27014795710001
Georgia,GEO,2016,60.81151048939999
Germany,DEU,1990,48.3249289794
Germany,DEU,1995,38.6282257711
Germany,DEU,2000,31.1319977447
Germany,DEU,2005,25.466683213400003
Germany,DEU,2006,24.674471558999997
Germany,DEU,2010,22.557140890299998
Germany,DEU,2016,20.2238018231
Ghana,GHA,1990,102.78664478
Ghana,GHA,1995,97.7590119785
Ghana,GHA,2000,103.45812130099999
Ghana,GHA,2005,87.3995861079
Ghana,GHA,2006,86.9415590297
Ghana,GHA,2010,85.563744537
Ghana,GHA,2016,103.255197445
Greece,GRC,1990,38.8203900869
Greece,GRC,1995,34.298045127
Greece,GRC,2000,31.406732639599998
Greece,GRC,2005,26.2152063439
Greece,GRC,2006,25.9315002112
Greece,GRC,2010,25.834954706900003
Greece,GRC,2016,23.3804508267
Greenland,GRL,1990,53.748326699
Greenland,GRL,1995,47.0883069903
Greenland,GRL,2000,45.4429501076
Greenland,GRL,2005,35.0016956554
Greenland,GRL,2006,30.2667577612
Greenland,GRL,2010,19.153021789
Greenland,GRL,2016,10.480884400999999
Grenada,GRD,1990,63.596416123400004
Grenada,GRD,1995,58.973233916999995
Grenada,GRD,2000,53.67832028
Grenada,GRD,2005,47.5172409376
Grenada,GRD,2006,45.7604035221
Grenada,GRD,2010,39.9471219917
Grenada,GRD,2016,45.5772521368
Guam,GUM,1990,30.8848543927
Guam,GUM,1995,29.520752780800002
Guam,GUM,2000,31.755517104599996
Guam,GUM,2005,33.2255674855
Guam,GUM,2006,32.7557603616
Guam,GUM,2010,32.2104005585
Guam,GUM,2016,36.218212266100004
Guatemala,GTM,1990,81.15817313730001
Guatemala,GTM,1995,79.2762549974
Guatemala,GTM,2000,74.9209336613
Guatemala,GTM,2005,62.895343185200005
Guatemala,GTM,2006,58.9059500481
Guatemala,GTM,2010,47.7309828105
Guatemala,GTM,2016,43.0501170488
Guinea,GIN,1990,100.07517220599999
Guinea,GIN,1995,99.6551287625
Guinea,GIN,2000,98.3758661023
Guinea,GIN,2005,88.3717259691
Guinea,GIN,2006,90.10101071640001
Guinea,GIN,2010,95.5840691064
Guinea,GIN,2016,112.92519809000001
Guinea-Bissau,GNB,1990,144.89339783
Guinea-Bissau,GNB,1995,142.944792444
Guinea-Bissau,GNB,2000,143.067108806
Guinea-Bissau,GNB,2005,120.430538135
Guinea-Bissau,GNB,2006,122.378993375
Guinea-Bissau,GNB,2010,130.103986969
Guinea-Bissau,GNB,2016,147.202160794
Guyana,GUY,1990,93.85632414860001
Guyana,GUY,1995,87.3587470511
Guyana,GUY,2000,74.29227369499999
Guyana,GUY,2005,68.1541647071
Guyana,GUY,2006,66.060074129
Guyana,GUY,2010,61.4069295561
Guyana,GUY,2016,61.2005836318
Haiti,HTI,1990,135.529752774
Haiti,HTI,1995,126.82857118000001
Haiti,HTI,2000,113.507756383
Haiti,HTI,2005,103.74262153400001
Haiti,HTI,2006,100.06219754199999
Haiti,HTI,2010,86.1893603914
Haiti,HTI,2016,83.0236029706
High-income Asia Pacific,,1990,31.9556485583
High-income Asia Pacific,,1995,26.378801256400003
High-income Asia Pacific,,2000,21.574452236400003
High-income Asia Pacific,,2005,18.9284430996
High-income Asia Pacific,,2006,18.1605615557
High-income Asia Pacific,,2010,15.6606893667
High-income Asia Pacific,,2016,14.761917071900001
Honduras,HND,1990,77.3439999246
Honduras,HND,1995,76.20541104029999
Honduras,HND,2000,74.05059798410001
Honduras,HND,2005,72.691910249
Honduras,HND,2006,70.24126923530001
Honduras,HND,2010,61.3514318657
Honduras,HND,2016,55.265396873
Hungary,HUN,1990,99.75939083290001
Hungary,HUN,1995,85.038848529
Hungary,HUN,2000,69.54104272869999
Hungary,HUN,2005,60.925541881
Hungary,HUN,2006,59.834810967500005
Hungary,HUN,2010,56.1145117464
Hungary,HUN,2016,52.3396945584
Iceland,ISL,1990,26.4881698561
Iceland,ISL,1995,23.1404094508
Iceland,ISL,2000,19.465859749299998
Iceland,ISL,2005,15.770643810700001
Iceland,ISL,2006,15.318289207200001
Iceland,ISL,2010,13.5470482547
Iceland,ISL,2016,11.5891985784
India,IND,1990,150.358155203
India,IND,1995,143.765921165
India,IND,2000,137.063836111
India,IND,2005,127.116038839
India,IND,2006,126.309077647
India,IND,2010,123.044899606
India,IND,2016,123.85954326499999
Indonesia,IDN,1990,56.924151390700004
Indonesia,IDN,1995,55.8622837042
Indonesia,IDN,2000,55.709530000300006
Indonesia,IDN,2005,56.734639041499996
Indonesia,IDN,2006,55.651656452199994
Indonesia,IDN,2010,51.1505325233
Indonesia,IDN,2016,49.563112751800006
Iran,IRN,1990,80.1142195148
Iran,IRN,1995,79.2705009847
Iran,IRN,2000,78.846116774
Iran,IRN,2005,73.0272558974
Iran,IRN,2006,72.5013625939
Iran,IRN,2010,68.7983435784
Iran,IRN,2016,60.5616945581
Iraq,IRQ,1990,123.328680863
Iraq,IRQ,1995,131.41812194000002
Iraq,IRQ,2000,131.607232068
Iraq,IRQ,2005,131.177982907
Iraq,IRQ,2006,134.358444384
Iraq,IRQ,2010,145.729772201
Iraq,IRQ,2016,120.969521949
Ireland,IRL,1990,47.5028460406
Ireland,IRL,1995,41.2455823889
Ireland,IRL,2000,34.214955518299995
Ireland,IRL,2005,23.728347689
Ireland,IRL,2006,22.5555816766
Ireland,IRL,2010,18.7482400508
Ireland,IRL,2016,16.8681060059
Israel,ISR,1990,49.495168558900005
Israel,ISR,1995,39.3780671921
Israel,ISR,2000,28.1965725333
Israel,ISR,2005,22.9218397452
Israel,ISR,2006,22.180540923200002
Israel,ISR,2010,18.909214944200002
Israel,ISR,2016,18.2443992806
Italy,ITA,1990,35.1101153543
Italy,ITA,1995,28.944627490000002
Italy,ITA,2000,23.7151406978
Italy,ITA,2005,19.2321344194
Italy,ITA,2006,18.7124722303
Italy,ITA,2010,17.275466116100002
Italy,ITA,2016,16.4881541055
Jamaica,JAM,1990,38.428970668299996
Jamaica,JAM,1995,38.244842779100004
Jamaica,JAM,2000,36.3380469458
Jamaica,JAM,2005,31.6987746212
Jamaica,JAM,2006,30.841280147
Jamaica,JAM,2010,26.9780941513
Jamaica,JAM,2016,28.5304006001
Japan,JPN,1990,26.450518312099998
Japan,JPN,1995,22.4182261713
Japan,JPN,2000,18.3748996635
Japan,JPN,2005,16.622563561699998
Japan,JPN,2006,16.005436729499998
Japan,JPN,2010,13.908910359299998
Japan,JPN,2016,12.5908631019
Jordan,JOR,1990,72.17432101220001
Jordan,JOR,1995,66.6509272927
Jordan,JOR,2000,64.2641684462
Jordan,JOR,2005,63.8412987172
Jordan,JOR,2006,61.6669227982
Jordan,JOR,2010,53.328353022399995
Jordan,JOR,2016,48.514678986
Kazakhstan,KAZ,1990,85.5740229792
Kazakhstan,KAZ,1995,98.44642363300001
Kazakhstan,KAZ,2000,95.6013278739
Kazakhstan,KAZ,2005,91.938060885
Kazakhstan,KAZ,2006,91.9579081176
Kazakhstan,KAZ,2010,79.5361781397
Kazakhstan,KAZ,2016,68.2688881639
Kenya,KEN,1990,41.0729602074
Kenya,KEN,1995,42.5630593306
Kenya,KEN,2000,41.634185200299996
Kenya,KEN,2005,38.2579164444
Kenya,KEN,2006,37.442346917799995
Kenya,KEN,2010,35.718421028499996
Kenya,KEN,2016,34.462694547
Kiribati,KIR,1990,18.6793705282
Kiribati,KIR,1995,18.7443811615
Kiribati,KIR,2000,17.9785294066
Kiribati,KIR,2005,14.879189309300001
Kiribati,KIR,2006,10.879528393
Kiribati,KIR,2010,7.46547552421
Kiribati,KIR,2016,12.851118482099999
Kuwait,KWT,1990,72.48571640680001
Kuwait,KWT,1995,77.641889725
Kuwait,KWT,2000,72.619287086
Kuwait,KWT,2005,70.6778521352
Kuwait,KWT,2006,73.82348861189999
Kuwait,KWT,2010,77.4423813687
Kuwait,KWT,2016,67.9692434224
Kyrgyzstan,KGZ,1990,91.7710257511
Kyrgyzstan,KGZ,1995,104.715671892
Kyrgyzstan,KGZ,2000,89.60426925920001
Kyrgyzstan,KGZ,2005,95.269689545
Kyrgyzstan,KGZ,2006,97.5435716871
Kyrgyzstan,KGZ,2010,88.1060095949
Kyrgyzstan,KGZ,2016,75.26837966560001
Laos,LAO,1990,126.910082946
Laos,LAO,1995,123.984444582
Laos,LAO,2000,115.13454934600001
Laos,LAO,2005,110.31248201999999
Laos,LAO,2006,107.28891581699999
Laos,LAO,2010,96.410633183
Laos,LAO,2016,83.81368732359999
Latin America and Caribbean,,1990,54.938846365100005
Latin America and Caribbean,,1995,52.0893124326
Latin America and Caribbean,,2000,46.8675413485
Latin America and Caribbean,,2005,40.280243686199995
Latin America and Caribbean,,2006,38.331096308599996
Latin America and Caribbean,,2010,31.9638238341
Latin America and Caribbean,,2016,30.0579950399
Latvia,LVA,1990,96.8489503064
Latvia,LVA,1995,99.69260881349999
Latvia,LVA,2000,71.07480569580001
Latvia,LVA,2005,68.9123673925
Latvia,LVA,2006,70.8384937013
Latvia,LVA,2010,56.209826729499994
Latvia,LVA,2016,43.8950306053
Lebanon,LBN,1990,78.64293099529999
Lebanon,LBN,1995,61.2725306736
Lebanon,LBN,2000,48.0649243045
Lebanon,LBN,2005,40.598881942
Lebanon,LBN,2006,40.043021000299994
Lebanon,LBN,2010,36.2378315387
Lebanon,LBN,2016,36.7590193883
Lesotho,LSO,1990,84.44669508449999
Lesotho,LSO,1995,87.075438298
Lesotho,LSO,2000,105.02046439
Lesotho,LSO,2005,109.57755922499999
Lesotho,LSO,2006,106.68128124
Lesotho,LSO,2010,99.0090394379
Lesotho,LSO,2016,101.477251548
Liberia,LBR,1990,44.9483852907
Liberia,LBR,1995,44.4889580687
Liberia,LBR,2000,43.5151448477
Liberia,LBR,2005,38.3210029464
Liberia,LBR,2006,38.5646885781
Liberia,LBR,2010,39.4456273164
Liberia,LBR,2016,56.5828580854
Libya,LBY,1990,75.9297894794
Libya,LBY,1995,71.0792153511
Libya,LBY,2000,70.9325716711
Libya,LBY,2005,68.0793504833
Libya,LBY,2006,68.0442575463
Libya,LBY,2010,69.384186887
Libya,LBY,2016,71.96213420710001
Lithuania,LTU,1990,85.7448483216
Lithuania,LTU,1995,85.391904357
Lithuania,LTU,2000,61.376557052
Lithuania,LTU,2005,61.9923463402
Lithuania,LTU,2006,62.96002933410001
Lithuania,LTU,2010,55.7622019488
Lithuania,LTU,2016,44.9832025435
Luxembourg,LUX,1990,49.7345702155
Luxembourg,LUX,1995,39.8339347356
Luxembourg,LUX,2000,32.265144485
Luxembourg,LUX,2005,26.401940128599996
Luxembourg,LUX,2006,25.178972843199997
Luxembourg,LUX,2010,21.8417150249
Luxembourg,LUX,2016,19.4434766746
Macedonia,MKD,1990,101.24954663199999
Macedonia,MKD,1995,94.6728426711
Macedonia,MKD,2000,85.7060619788
Macedonia,MKD,2005,75.8222354061
Macedonia,MKD,2006,75.40326969030001
Macedonia,MKD,2010,72.6377713334
Macedonia,MKD,2016,61.9410802456
Madagascar,MDG,1990,87.6938784529
Madagascar,MDG,1995,89.5729491674
Madagascar,MDG,2000,86.8481790213
Madagascar,MDG,2005,78.8613013163
Madagascar,MDG,2006,76.9082935621
Madagascar,MDG,2010,73.6275440358
Madagascar,MDG,2016,77.9377173573
Malawi,MWI,1990,84.9516467493
Malawi,MWI,1995,91.2678484696
Malawi,MWI,2000,92.86250340790001
Malawi,MWI,2005,78.848765717
Malawi,MWI,2006,76.0532028085
Malawi,MWI,2010,69.2704148444
Malawi,MWI,2016,63.726786812200004
Malaysia,MYS,1990,63.7585274977
Malaysia,MYS,1995,66.75581792380001
Malaysia,MYS,2000,64.9657480946
Malaysia,MYS,2005,70.35017330240001
Malaysia,MYS,2006,68.13367525150001
Malaysia,MYS,2010,58.5665156611
Malaysia,MYS,2016,55.9357647994
Maldives,MDV,1990,115.57937871
Maldives,MDV,1995,99.5652964356
Maldives,MDV,2000,82.5338447298
Maldives,MDV,2005,65.0276751084
Maldives,MDV,2006,60.4625087557
Maldives,MDV,2010,48.8684798096
Maldives,MDV,2016,43.3279590654
Mali,MLI,1990,114.363697859
Mali,MLI,1995,107.739773426
Mali,MLI,2000,98.5598441729
Mali,MLI,2005,84.0216947552
Mali,MLI,2006,83.4193470911
Mali,MLI,2010,82.1619622619
Mali,MLI,2016,89.727623073
Malta,MLT,1990,48.7618755439
Malta,MLT,1995,39.7961061767
Malta,MLT,2000,37.489719672
Malta,MLT,2005,27.193609072599997
Malta,MLT,2006,26.911234808599996
Malta,MLT,2010,25.9232826604
Malta,MLT,2016,20.246322348699998
Marshall Islands,MHL,1990,46.9770144707
Marshall Islands,MHL,1995,47.241406941600005
Marshall Islands,MHL,2000,46.3338600325
Marshall Islands,MHL,2005,51.0634253456
Marshall Islands,MHL,2006,48.6409594589
Marshall Islands,MHL,2010,40.5396742344
Marshall Islands,MHL,2016,40.8059837955
Mauritania,MRT,1990,144.488794928
Mauritania,MRT,1995,137.990175859
Mauritania,MRT,2000,126.655725232
Mauritania,MRT,2005,102.36368944899999
Mauritania,MRT,2006,100.548781705
Mauritania,MRT,2010,97.6882804819
Mauritania,MRT,2016,107.373889393
Mauritius,MUS,1990,88.68442827060001
Mauritius,MUS,1995,81.8160704508
Mauritius,MUS,2000,73.3759923244
Mauritius,MUS,2005,57.043903355299996
Mauritius,MUS,2006,51.5278270845
Mauritius,MUS,2010,35.9187286994
Mauritius,MUS,2016,32.9161503551
Mexico,MEX,1990,38.8436375087
Mexico,MEX,1995,38.8292918175
Mexico,MEX,2000,35.3155164514
Mexico,MEX,2005,32.4871269878
Mexico,MEX,2006,30.831841912499996
Mexico,MEX,2010,27.9939799622
Mexico,MEX,2016,25.751325719900002
Micronesia (country),FSM,1990,54.6811980382
Micronesia (country),FSM,1995,51.844188934099996
Micronesia (country),FSM,2000,49.376269679900005
Micronesia (country),FSM,2005,48.6967219538
Micronesia (country),FSM,2006,46.215247676
Micronesia (country),FSM,2010,38.2500743894
Micronesia (country),FSM,2016,45.054083440700005
Moldova,MDA,1990,120.63609952
Moldova,MDA,1995,131.72236136400002
Moldova,MDA,2000,101.11329875900002
Moldova,MDA,2005,91.5862742698
Moldova,MDA,2006,89.2264869312
Moldova,MDA,2010,85.50313817569999
Moldova,MDA,2016,69.1804708003
Mongolia,MNG,1990,89.70032220670001
Mongolia,MNG,1995,96.4369429803
Mongolia,MNG,2000,105.01209139100001
Mongolia,MNG,2005,101.60376443899999
Mongolia,MNG,2006,99.2164397775
Mongolia,MNG,2010,88.9830546075
Mongolia,MNG,2016,89.63698767839999
Montenegro,MNE,1990,59.7897900627
Montenegro,MNE,1995,61.5489642947
Montenegro,MNE,2000,60.413982917599995
Montenegro,MNE,2005,54.0182117502
Montenegro,MNE,2006,53.6556353523
Montenegro,MNE,2010,52.452553908599995
Montenegro,MNE,2016,48.772600353099996
Morocco,MAR,1990,67.3112117454
Morocco,MAR,1995,64.0081893646
Morocco,MAR,2000,59.268559340900005
Morocco,MAR,2005,55.3791638766
Morocco,MAR,2006,54.3174630941
Morocco,MAR,2010,49.89194492960001
Morocco,MAR,2016,51.317494152399995
Mozambique,MOZ,1990,80.4088896431
Mozambique,MOZ,1995,75.1410360385
Mozambique,MOZ,2000,67.78248087979999
Mozambique,MOZ,2005,58.1035435653
Mozambique,MOZ,2006,56.5614268228
Mozambique,MOZ,2010,51.6459268688
Mozambique,MOZ,2016,51.1151711163
Myanmar,MMR,1990,106.58405117899999
Myanmar,MMR,1995,105.60462170400001
Myanmar,MMR,2000,103.44704395
Myanmar,MMR,2005,98.4759894976
Myanmar,MMR,2006,95.1411779802
Myanmar,MMR,2010,84.0812241466
Myanmar,MMR,2016,74.8199699377
Namibia,NAM,1990,100.004715059
Namibia,NAM,1995,96.4235218882
Namibia,NAM,2000,104.94852953899999
Namibia,NAM,2005,90.07297943420001
Namibia,NAM,2006,85.6755695681
Namibia,NAM,2010,68.2805501652
Namibia,NAM,2016,63.2740650926
Nepal,NPL,1990,135.643495595
Nepal,NPL,1995,130.062917244
Nepal,NPL,2000,126.991534605
Nepal,NPL,2005,127.93737986000001
Nepal,NPL,2006,126.76773804400001
Nepal,NPL,2010,122.052102989
Nepal,NPL,2016,121.67025960100001
Netherlands,NLD,1990,43.172991920899996
Netherlands,NLD,1995,39.2589260756
Netherlands,NLD,2000,35.0876128704
Netherlands,NLD,2005,28.0754128709
Netherlands,NLD,2006,26.6147468628
Netherlands,NLD,2010,22.992815164
Netherlands,NLD,2016,20.4254372797
New Zealand,NZL,1990,22.4152054221
New Zealand,NZL,1995,18.9957505864
New Zealand,NZL,2000,15.0993226752
New Zealand,NZL,2005,12.006159334000001
New Zealand,NZL,2006,11.2298452604
New Zealand,NZL,2010,8.23247632074
New Zealand,NZL,2016,7.91348860377
Nicaragua,NIC,1990,38.6348217948
Nicaragua,NIC,1995,39.796182784
Nicaragua,NIC,2000,36.3960666015
Nicaragua,NIC,2005,34.971303843
Nicaragua,NIC,2006,33.3947171515
Nicaragua,NIC,2010,28.70374636
Nicaragua,NIC,2016,26.618967167
Niger,NER,1990,192.231212634
Niger,NER,1995,180.23108088400002
Niger,NER,2000,165.741821894
Niger,NER,2005,149.089108454
Niger,NER,2006,149.631937947
Niger,NER,2010,141.64109857100001
Niger,NER,2016,157.874540411
Nigeria,NGA,1990,126.291368332
Nigeria,NGA,1995,120.148653339
Nigeria,NGA,2000,113.018034841
Nigeria,NGA,2005,92.7683992087
Nigeria,NGA,2006,89.8486578107
Nigeria,NGA,2010,77.6648526545
Nigeria,NGA,2016,93.4941751772
North Africa and Middle East,,1990,98.21871163489999
North Africa and Middle East,,1995,95.538812023
North Africa and Middle East,,2000,88.75024243429999
North Africa and Middle East,,2005,82.2026930218
North Africa and Middle East,,2006,81.8154318725
North Africa and Middle East,,2010,80.033066433
North Africa and Middle East,,2016,77.3812893768
North America,,1990,34.464633506700004
North America,,1995,31.1703804696
North America,,2000,28.1558368825
North America,,2005,24.1607334931
North America,,2006,22.6019922447
North America,,2010,17.9000513626
North America,,2016,18.2686444091
North Korea,PRK,1990,91.3427332541
North Korea,PRK,1995,91.0897623962
North Korea,PRK,2000,98.0745110072
North Korea,PRK,2005,101.735091246
North Korea,PRK,2006,101.33581232799999
North Korea,PRK,2010,99.61291356310001
North Korea,PRK,2016,103.029146078
Northern Ireland,,1990,49.7618321604
Northern Ireland,,1995,41.921127990100004
Northern Ireland,,2000,33.6598788389
Northern Ireland,,2005,25.5665086618
Northern Ireland,,2006,24.4354375076
Northern Ireland,,2010,20.552031267100002
Northern Ireland,,2016,19.608478129799998
Northern Mariana Islands,MNP,1990,37.745050439
Northern Mariana Islands,MNP,1995,32.1110764899
Northern Mariana Islands,MNP,2000,28.7475155084
Northern Mariana Islands,MNP,2005,28.0162156675
Northern Mariana Islands,MNP,2006,27.6252558939
Northern Mariana Islands,MNP,2010,26.9037794943
Northern Mariana Islands,MNP,2016,29.3150972939
Norway,NOR,1990,33.6180427561
Norway,NOR,1995,28.631224878
Norway,NOR,2000,23.8476419048
Norway,NOR,2005,17.7440461502
Norway,NOR,2006,17.2086839335
Norway,NOR,2010,15.6303527034
Norway,NOR,2016,12.0345983904
Oceania,,1990,78.3149863929
Oceania,,1995,76.0062507096
Oceania,,2000,74.71780674530001
Oceania,,2005,69.6713764396
Oceania,,2006,67.4843274934
Oceania,,2010,57.88574901090001
Oceania,,2016,63.030135170799994
Oman,OMN,1990,104.560533245
Oman,OMN,1995,97.3531981681
Oman,OMN,2000,89.36380414060001
Oman,OMN,2005,77.0666502954
Oman,OMN,2006,75.8061297793
Oman,OMN,2010,71.9933498386
Oman,OMN,2016,71.7074898686
Pakistan,PAK,1990,124.707264139
Pakistan,PAK,1995,141.901879431
Pakistan,PAK,2000,146.524892328
Pakistan,PAK,2005,138.06907533
Pakistan,PAK,2006,135.674214484
Pakistan,PAK,2010,127.522173042
Pakistan,PAK,2016,125.98468382099999
Palestine,PSE,1990,77.631211971
Palestine,PSE,1995,77.27682278159999
Palestine,PSE,2000,81.94725313400001
Palestine,PSE,2005,77.8939981015
Palestine,PSE,2006,77.66708822240001
Palestine,PSE,2010,81.23979393
Palestine,PSE,2016,86.1029168454
Panama,PAN,1990,36.433274085
Panama,PAN,1995,32.769415227500005
Panama,PAN,2000,26.9888169362
Panama,PAN,2005,23.8128919784
Panama,PAN,2006,22.4996070084
Panama,PAN,2010,18.2408530562
Panama,PAN,2016,19.6612745296
Papua New Guinea,PNG,1990,117.25148936400001
Papua New Guinea,PNG,1995,112.84935457899999
Papua New Guinea,PNG,2000,110.688260759
Papua New Guinea,PNG,2005,101.34431445300001
Papua New Guinea,PNG,2006,98.74525708690001
Papua New Guinea,PNG,2010,86.8529145215
Papua New Guinea,PNG,2016,93.4911378131
Paraguay,PRY,1990,48.612849510100006
Paraguay,PRY,1995,50.28562153400001
Paraguay,PRY,2000,46.3103324984
Paraguay,PRY,2005,45.484604349399994
Paraguay,PRY,2006,44.2858324433
Paraguay,PRY,2010,39.9410661472
Paraguay,PRY,2016,43.7549059138
Peru,PER,1990,61.255752775
Peru,PER,1995,61.021715658299996
Peru,PER,2000,51.569556312500005
Peru,PER,2005,48.869259080199996
Peru,PER,2006,45.8493340458
Peru,PER,2010,38.6878328701
Peru,PER,2016,31.8242334488
Philippines,PHL,1990,86.7691491059
Philippines,PHL,1995,88.3063904773
Philippines,PHL,2000,94.75034023
Philippines,PHL,2005,104.511016203
Philippines,PHL,2006,102.26414494
Philippines,PHL,2010,93.7602919714
Philippines,PHL,2016,87.35301802730001
Poland,POL,1990,108.78028327
Poland,POL,1995,88.47905638499999
Poland,POL,2000,67.3099843702
Poland,POL,2005,56.39127879520001
Poland,POL,2006,55.9114427898
Poland,POL,2010,52.1838416157
Poland,POL,2016,42.4118777738
Portugal,PRT,1990,34.9345471651
Portugal,PRT,1995,30.9869383374
Portugal,PRT,2000,27.029048335000002
Portugal,PRT,2005,22.8289686347
Portugal,PRT,2006,21.5043599981
Portugal,PRT,2010,17.872899621200002
Portugal,PRT,2016,15.530005212299999
Puerto Rico,PRI,1990,40.2085464107
Puerto Rico,PRI,1995,37.6430411793
Puerto Rico,PRI,2000,35.5105294838
Puerto Rico,PRI,2005,28.872277689
Puerto Rico,PRI,2006,27.6154292574
Puerto Rico,PRI,2010,24.4322893015
Puerto Rico,PRI,2016,24.982012657499997
Qatar,QAT,1990,85.9451420477
Qatar,QAT,1995,90.0607209205
Qatar,QAT,2000,82.6324110078
Qatar,QAT,2005,68.802654444
Qatar,QAT,2006,65.9177924388
Qatar,QAT,2010,53.100455224
Qatar,QAT,2016,51.669803464100006
Romania,ROU,1990,104.064377042
Romania,ROU,1995,97.2618555055
Romania,ROU,2000,78.244734981
Romania,ROU,2005,64.66342820669999
Romania,ROU,2006,62.8141027949
Romania,ROU,2010,60.744399393900004
Romania,ROU,2016,51.065809245500006
Russia,RUS,1990,83.6535112837
Russia,RUS,1995,97.5062293268
Russia,RUS,2000,90.4531376566
Russia,RUS,2005,87.9101704907
Russia,RUS,2006,81.49529571080001
Russia,RUS,2010,72.2854178544
Russia,RUS,2016,60.6892528398
Rwanda,RWA,1990,139.395457163
Rwanda,RWA,1995,147.84359140200002
Rwanda,RWA,2000,124.32350128099999
Rwanda,RWA,2005,89.75931891100001
Rwanda,RWA,2006,86.0712471922
Rwanda,RWA,2010,73.1550671542
Rwanda,RWA,2016,72.95043462080001
Saint Lucia,LCA,1990,47.8073495493
Saint Lucia,LCA,1995,39.110842617299994
Saint Lucia,LCA,2000,32.0414026697
Saint Lucia,LCA,2005,30.371641297
Saint Lucia,LCA,2006,28.482645964
Saint Lucia,LCA,2010,22.454401445600002
Saint Lucia,LCA,2016,24.6350654045
Saint Vincent and the Grenadines,VCT,1990,52.898038454600005
Saint Vincent and the Grenadines,VCT,1995,51.2899990442
Saint Vincent and the Grenadines,VCT,2000,47.5597375626
Saint Vincent and the Grenadines,VCT,2005,42.3968508047
Saint Vincent and the Grenadines,VCT,2006,41.4821927688
Saint Vincent and the Grenadines,VCT,2010,37.645123585200004
Saint Vincent and the Grenadines,VCT,2016,41.7070198288
Samoa,WSM,1990,14.309552437999999
Samoa,WSM,1995,13.985355318
Samoa,WSM,2000,13.4441306965
Samoa,WSM,2005,12.983335582
Samoa,WSM,2006,10.4214290176
Samoa,WSM,2010,5.60080979117
Samoa,WSM,2016,8.1777283999
Sao Tome and Principe,STP,1990,64.3794168978
Sao Tome and Principe,STP,1995,64.9463278601
Sao Tome and Principe,STP,2000,67.0064177703
Sao Tome and Principe,STP,2005,62.07823177430001
Sao Tome and Principe,STP,2006,59.974117804100004
Sao Tome and Principe,STP,2010,50.7649164294
Sao Tome and Principe,STP,2016,52.9355799863
Saudi Arabia,SAU,1990,96.1961586691
Saudi Arabia,SAU,1995,101.303786478
Saudi Arabia,SAU,2000,112.20559535500001
Saudi Arabia,SAU,2005,104.23115761300001
Saudi Arabia,SAU,2006,104.09148579500001
Saudi Arabia,SAU,2010,103.05096722100001
Saudi Arabia,SAU,2016,94.262194034
Scotland,,1990,55.6939066651
Scotland,,1995,46.2365480173
Scotland,,2000,36.6196581945
Scotland,,2005,29.574798660800003
Scotland,,2006,28.0920097409
Scotland,,2010,23.773937211899998
Scotland,,2016,21.9243775648
Senegal,SEN,1990,101.613801992
Senegal,SEN,1995,98.8747565765
Senegal,SEN,2000,99.8332935893
Senegal,SEN,2005,86.6385782069
Senegal,SEN,2006,87.5493257833
Senegal,SEN,2010,88.02216783269999
Senegal,SEN,2016,104.91405937100001
Serbia,SRB,1990,67.3154559518
Serbia,SRB,1995,68.3021223586
Serbia,SRB,2000,65.7532132522
Serbia,SRB,2005,55.66585135099999
Serbia,SRB,2006,54.444770625299995
Serbia,SRB,2010,50.731631904
Serbia,SRB,2016,41.785991349700005
Seychelles,SYC,1990,63.3037735015
Seychelles,SYC,1995,59.695116775100004
Seychelles,SYC,2000,52.411754001599995
Seychelles,SYC,2005,49.0625093027
Seychelles,SYC,2006,46.2448515528
Seychelles,SYC,2010,37.9931790637
Seychelles,SYC,2016,35.0799936987
Sierra Leone,SLE,1990,99.28821096569999
Sierra Leone,SLE,1995,94.8786002162
Sierra Leone,SLE,2000,94.5364622023
Sierra Leone,SLE,2005,85.57965869040001
Sierra Leone,SLE,2006,86.3232024674
Sierra Leone,SLE,2010,90.24424415899999
Sierra Leone,SLE,2016,108.71982982200001
Singapore,SGP,1990,60.119310372099996
Singapore,SGP,1995,50.522219465000006
Singapore,SGP,2000,40.059063034800005
Singapore,SGP,2005,40.5553515971
Singapore,SGP,2006,38.0729150202
Singapore,SGP,2010,25.883922596
Singapore,SGP,2016,27.098284778700002
Slovakia,SVK,1990,110.33731735600001
Slovakia,SVK,1995,86.566933475
Slovakia,SVK,2000,73.15247839199999
Slovakia,SVK,2005,64.395105298
Slovakia,SVK,2006,63.1554016818
Slovakia,SVK,2010,55.7641974881
Slovakia,SVK,2016,46.847564837600004
Slovenia,SVN,1990,57.7700793268
Slovenia,SVN,1995,49.267095605499996
Slovenia,SVN,2000,37.942342443099996
Slovenia,SVN,2005,31.266987033499998
Slovenia,SVN,2006,29.5708265573
Slovenia,SVN,2010,24.4368552462
Slovenia,SVN,2016,22.041345875999998
Solomon Islands,SLB,1990,49.7292403173
Solomon Islands,SLB,1995,47.824349528199996
Solomon Islands,SLB,2000,46.7244735901
Solomon Islands,SLB,2005,54.899937991
Solomon Islands,SLB,2006,51.277000189300004
Solomon Islands,SLB,2010,38.314466202
Solomon Islands,SLB,2016,53.510848599000006
Somalia,SOM,1990,101.48518825699999
Somalia,SOM,1995,100.39325701199999
Somalia,SOM,2000,96.967895873
Somalia,SOM,2005,85.1076520655
Somalia,SOM,2006,84.50771614029999
Somalia,SOM,2010,82.152606265
Somalia,SOM,2016,88.4662636604
South Africa,ZAF,1990,68.1694669204
South Africa,ZAF,1995,68.0335049505
South Africa,ZAF,2000,89.7144559252
South Africa,ZAF,2005,83.6575357186
South Africa,ZAF,2006,82.27370812299999
South Africa,ZAF,2010,69.3270594018
South Africa,ZAF,2016,61.007925110100004
South Asia,,1990,146.840273869
South Asia,,1995,142.24244239200002
South Asia,,2000,136.235587465
South Asia,,2005,127.774018515
South Asia,,2006,126.867017934
South Asia,,2010,122.95059621499999
South Asia,,2016,123.345412619
South Korea,KOR,1990,63.6723743626
South Korea,KOR,1995,49.5351689456
South Korea,KOR,2000,40.4745151101
South Korea,KOR,2005,31.1183343975
South Korea,KOR,2006,29.549955792200002
South Korea,KOR,2010,24.8401374025
South Korea,KOR,2016,24.4858029491
South Sudan,SSD,1990,99.59369042130001
South Sudan,SSD,1995,102.44876169599999
South Sudan,SSD,2000,96.6952218469
South Sudan,SSD,2005,81.3332349622
South Sudan,SSD,2006,82.3733973576
South Sudan,SSD,2010,80.0870996904
South Sudan,SSD,2016,90.939168697
Southeast Asia,,1990,68.22756061640001
Southeast Asia,,1995,66.7174212518
Southeast Asia,,2000,65.7120907577
Southeast Asia,,2005,66.0262773611
Southeast Asia,,2006,64.4060474617
Southeast Asia,,2010,57.711551791699996
Southeast Asia,,2016,53.4548463422
Southern Latin America,,1990,48.9703955676
Southern Latin America,,1995,43.7015964899
Southern Latin America,,2000,39.1848203862
Southern Latin America,,2005,35.1300393255
Southern Latin America,,2006,34.2804666783
Southern Latin America,,2010,31.8737896397
Southern Latin America,,2016,28.585540799700002
Southern Sub-Saharan Africa,,1990,68.3573928271
Southern Sub-Saharan Africa,,1995,67.8049254254
Southern Sub-Saharan Africa,,2000,89.5770524278
Southern Sub-Saharan Africa,,2005,85.24318746050001
Southern Sub-Saharan Africa,,2006,83.4330247944
Southern Sub-Saharan Africa,,2010,71.292030594
Southern Sub-Saharan Africa,,2016,63.4917252894
Spain,ESP,1990,25.963918787799997
Spain,ESP,1995,22.4804637576
Spain,ESP,2000,20.14874986
Spain,ESP,2005,17.4126071049
Spain,ESP,2006,16.4932745191
Spain,ESP,2010,13.7411292515
Spain,ESP,2016,12.248742212399998
Sri Lanka,LKA,1990,61.2472011285
Sri Lanka,LKA,1995,55.1494089434
Sri Lanka,LKA,2000,56.117208910500004
Sri Lanka,LKA,2005,50.874566742800006
Sri Lanka,LKA,2006,50.051477969800004
Sri Lanka,LKA,2010,44.8348691888
Sri Lanka,LKA,2016,37.5575097067
Sub-Saharan Africa,,1990,105.26748539599998
Sub-Saharan Africa,,1995,102.987421091
Sub-Saharan Africa,,2000,102.398179427
Sub-Saharan Africa,,2005,89.4787140376
Sub-Saharan Africa,,2006,87.9531091745
Sub-Saharan Africa,,2010,80.6735190029
Sub-Saharan Africa,,2016,86.420156167
Sudan,SDN,1990,143.808203309
Sudan,SDN,1995,141.285856146
Sudan,SDN,2000,132.708132297
Sudan,SDN,2005,121.006181145
Sudan,SDN,2006,119.297283444
Sudan,SDN,2010,109.06003793
Sudan,SDN,2016,111.177117607
Suriname,SUR,1990,61.894776665500004
Suriname,SUR,1995,59.975169142
Suriname,SUR,2000,61.029032740599995
Suriname,SUR,2005,47.6891127891
Suriname,SUR,2006,46.1888025166
Suriname,SUR,2010,39.9526367263
Suriname,SUR,2016,45.746524700500004
Swaziland,SWZ,1990,88.1917803191
Swaziland,SWZ,1995,79.8410588058
Swaziland,SWZ,2000,97.3122914694
Swaziland,SWZ,2005,107.390029781
Swaziland,SWZ,2006,103.00351438
Swaziland,SWZ,2010,85.4903974961
Swaziland,SWZ,2016,74.3386681267
Sweden,SWE,1990,20.7853412395
Sweden,SWE,1995,16.289103264799998
Sweden,SWE,2000,13.310913780300002
Sweden,SWE,2005,9.56165995748
Sweden,SWE,2006,9.23751643054
Sweden,SWE,2010,8.19008763702
Sweden,SWE,2016,6.80110336964
Switzerland,CHE,1990,30.422806277
Switzerland,CHE,1995,25.813904045099996
Switzerland,CHE,2000,20.779151367799997
Switzerland,CHE,2005,16.8814605654
Switzerland,CHE,2006,16.3004248913
Switzerland,CHE,2010,14.4085309633
Switzerland,CHE,2016,12.363297817800001
Syria,SYR,1990,94.0318352099
Syria,SYR,1995,91.2064344393
Syria,SYR,2000,88.7483207765
Syria,SYR,2005,78.8251074044
Syria,SYR,2006,77.8618822217
Syria,SYR,2010,76.95216157269999
Syria,SYR,2016,75.9443537222
Taiwan,TWN,1990,51.292376623399996
Taiwan,TWN,1995,46.746383138
Taiwan,TWN,2000,41.2115033693
Taiwan,TWN,2005,38.023067811800004
Taiwan,TWN,2006,36.7847831077
Taiwan,TWN,2010,34.159465140600005
Taiwan,TWN,2016,31.003136270000002
Tajikistan,TJK,1990,164.378538526
Tajikistan,TJK,1995,165.53963482
Tajikistan,TJK,2000,165.92480308
Tajikistan,TJK,2005,140.484291642
Tajikistan,TJK,2006,133.793997831
Tajikistan,TJK,2010,124.55594593400001
Tajikistan,TJK,2016,112.644125223
Tanzania,TZA,1990,78.1827104634
Tanzania,TZA,1995,78.6013500808
Tanzania,TZA,2000,75.438511012
Tanzania,TZA,2005,66.8176873101
Tanzania,TZA,2006,66.1499541329
Tanzania,TZA,2010,62.67431233800001
Tanzania,TZA,2016,59.9356033486
Thailand,THA,1990,51.3831600555
Thailand,THA,1995,49.4398398986
Thailand,THA,2000,46.028201797
Thailand,THA,2005,44.2825645999
Thailand,THA,2006,43.2155307199
Thailand,THA,2010,36.087091192
Thailand,THA,2016,33.5869568707
Timor,TLS,1990,77.1566347494
Timor,TLS,1995,70.7208055041
Timor,TLS,2000,65.3111124806
Timor,TLS,2005,60.6797634896
Timor,TLS,2006,56.624785544199995
Timor,TLS,2010,49.25763934060001
Timor,TLS,2016,44.5192171615
Togo,TGO,1990,123.11796777800001
Togo,TGO,1995,122.908952668
Togo,TGO,2000,122.636227531
Togo,TGO,2005,105.96371426099999
Togo,TGO,2006,103.973275814
Togo,TGO,2010,101.729730102
Togo,TGO,2016,130.781622796
Tonga,TON,1990,17.037354203
Tonga,TON,1995,17.210932205
Tonga,TON,2000,16.6236057821
Tonga,TON,2005,15.022778603199999
Tonga,TON,2006,12.3552617286
Tonga,TON,2010,7.539596886960001
Tonga,TON,2016,7.66732357684
Trinidad and Tobago,TTO,1990,65.5011467347
Trinidad and Tobago,TTO,1995,62.973533909900006
Trinidad and Tobago,TTO,2000,56.314436069500005
Trinidad and Tobago,TTO,2005,39.885881083899996
Trinidad and Tobago,TTO,2006,37.6417044713
Trinidad and Tobago,TTO,2010,31.217861906400003
Trinidad and Tobago,TTO,2016,35.6555229663
Tropical Latin America,,1990,59.6727527247
Tropical Latin America,,1995,56.1440878971
Tropical Latin America,,2000,50.8477862162
Tropical Latin America,,2005,39.5122324336
Tropical Latin America,,2006,37.1915002545
Tropical Latin America,,2010,29.361295483899998
Tropical Latin America,,2016,28.792068619200002
Tunisia,TUN,1990,78.332018542
Tunisia,TUN,1995,76.2286830579
Tunisia,TUN,2000,62.0104997775
Tunisia,TUN,2005,51.961847448099995
Tunisia,TUN,2006,52.1152008011
Tunisia,TUN,2010,52.927508201100004
Tunisia,TUN,2016,51.8421471719
Turkey,TUR,1990,69.5747194705
Turkey,TUR,1995,66.7136569825
Turkey,TUR,2000,55.2086881538
Turkey,TUR,2005,43.2942716149
Turkey,TUR,2006,42.0276740415
Turkey,TUR,2010,41.6568684559
Turkey,TUR,2016,40.699255546
Turkmenistan,TKM,1990,146.627199522
Turkmenistan,TKM,1995,153.018371193
Turkmenistan,TKM,2000,144.34376762300002
Turkmenistan,TKM,2005,105.33830129200001
Turkmenistan,TKM,2006,105.368045663
Turkmenistan,TKM,2010,103.812211126
Turkmenistan,TKM,2016,99.74853998469999
Uganda,UGA,1990,136.269934481
Uganda,UGA,1995,131.50616903600002
Uganda,UGA,2000,119.37953764900001
Uganda,UGA,2005,106.415212702
Uganda,UGA,2006,105.044442344
Uganda,UGA,2010,94.4192398886
Uganda,UGA,2016,97.63427609380001
Ukraine,UKR,1990,103.55610547799999
Ukraine,UKR,1995,116.55516580899999
Ukraine,UKR,2000,102.511420284
Ukraine,UKR,2005,99.29455517
Ukraine,UKR,2006,95.453514519
Ukraine,UKR,2010,83.9197913712
Ukraine,UKR,2016,73.8721703411
United Arab Emirates,ARE,1990,104.35393623600001
United Arab Emirates,ARE,1995,103.231973136
United Arab Emirates,ARE,2000,94.433396205
United Arab Emirates,ARE,2005,77.9771245273
United Arab Emirates,ARE,2006,77.948422631
United Arab Emirates,ARE,2010,82.3616698094
United Arab Emirates,ARE,2016,93.69906772739999
United Kingdom,GBR,1990,49.75296172659999
United Kingdom,GBR,1995,42.844192472100005
United Kingdom,GBR,2000,34.5884370151
United Kingdom,GBR,2005,27.112599397900002
United Kingdom,GBR,2006,25.675344907499998
United Kingdom,GBR,2010,21.693898193499997
United Kingdom,GBR,2016,19.8559926892
United States,USA,1990,35.6259560313
United States,USA,1995,32.2918706986
United States,USA,2000,29.3047318545
United States,USA,2005,25.166756134299998
United States,USA,2006,23.538164552
United States,USA,2010,18.631373916999998
United States,USA,2016,19.1130387821
United States Virgin Islands,VIR,1990,46.9418256358
United States Virgin Islands,VIR,1995,45.4836197805
United States Virgin Islands,VIR,2000,44.333711874500004
United States Virgin Islands,VIR,2005,38.9405800676
United States Virgin Islands,VIR,2006,38.1018305254
United States Virgin Islands,VIR,2010,35.088797859
United States Virgin Islands,VIR,2016,36.446399181699995
Uruguay,URY,1990,42.6425229301
Uruguay,URY,1995,39.71360723
Uruguay,URY,2000,34.6271736631
Uruguay,URY,2005,29.418106025600004
Uruguay,URY,2006,28.6026781375
Uruguay,URY,2010,25.9655107916
Uruguay,URY,2016,22.869027701900002
Uzbekistan,UZB,1990,121.81744436199999
Uzbekistan,UZB,1995,138.180119496
Uzbekistan,UZB,2000,137.35061090599999
Uzbekistan,UZB,2005,127.50254254400001
Uzbekistan,UZB,2006,123.685201584
Uzbekistan,UZB,2010,111.658285099
Uzbekistan,UZB,2016,107.94674382400001
Vanuatu,VUT,1990,71.32014509449999
Vanuatu,VUT,1995,71.59723532
Vanuatu,VUT,2000,71.13406449579999
Vanuatu,VUT,2005,74.7404048872
Vanuatu,VUT,2006,69.7573774121
Vanuatu,VUT,2010,52.7507284665
Vanuatu,VUT,2016,57.2246719834
Venezuela,VEN,1990,61.955987348
Venezuela,VEN,1995,54.7558524068
Venezuela,VEN,2000,49.982362483100005
Venezuela,VEN,2005,42.8554663379
Venezuela,VEN,2006,42.5341714954
Venezuela,VEN,2010,37.355002076299996
Venezuela,VEN,2016,38.9805226912
Vietnam,VNM,1990,68.287595521
Vietnam,VNM,1995,66.3331472741
Vietnam,VNM,2000,64.6206455976
Vietnam,VNM,2005,64.5901236163
Vietnam,VNM,2006,63.06643164050001
Vietnam,VNM,2010,56.6938297049
Vietnam,VNM,2016,51.0354384859
Wales,,1990,47.206980167299996
Wales,,1995,40.7257189291
Wales,,2000,33.3241874229
Wales,,2005,25.8934590627
Wales,,2006,24.567381773
Wales,,2010,21.536438717299998
Wales,,2016,20.2660722457
Western Europe,,1990,38.5783333849
Western Europe,,1995,32.2795540664
Western Europe,,2000,26.7560750768
Western Europe,,2005,21.687966964
Western Europe,,2006,20.8428749338
Western Europe,,2010,18.5396643742
Western Europe,,2016,16.7010652616
Western Sub-Saharan Africa,,1990,123.101716662
Western Sub-Saharan Africa,,1995,119.339676294
Western Sub-Saharan Africa,,2000,116.034789756
Western Sub-Saharan Africa,,2005,99.139003571
Western Sub-Saharan Africa,,2006,97.5441760775
Western Sub-Saharan Africa,,2010,90.7945462501
Western Sub-Saharan Africa,,2016,108.316516156
World,OWID_WRL,1990,90.918154369
World,OWID_WRL,1995,87.7192458749
World,OWID_WRL,2000,81.7548608997
World,OWID_WRL,2005,74.888048227
World,OWID_WRL,2006,72.53041280800001
World,OWID_WRL,2010,66.75788825800001
World,OWID_WRL,2016,62.4593141096
Yemen,YEM,1990,158.344140065
Yemen,YEM,1995,153.417153149
Yemen,YEM,2000,146.21223278300002
Yemen,YEM,2005,123.30862226199999
Yemen,YEM,2006,122.15744287300001
Yemen,YEM,2010,117.466776741
Yemen,YEM,2016,127.435093085
Zambia,ZMB,1990,90.1221544819
Zambia,ZMB,1995,107.792563405
Zambia,ZMB,2000,116.548180353
Zambia,ZMB,2005,108.55848593200001
Zambia,ZMB,2006,106.330986482
Zambia,ZMB,2010,93.0085334389
Zambia,ZMB,2016,84.31666836950001
Zimbabwe,ZWE,1990,64.9382257052
Zimbabwe,ZWE,1995,59.7972474079
Zimbabwe,ZWE,2000,85.3183061066
Zimbabwe,ZWE,2005,90.444795512
Zimbabwe,ZWE,2006,87.59323591
Zimbabwe,ZWE,2010,80.29169951850001
Zimbabwe,ZWE,2016,72.6267060953